hotel_id,hotel_name,hotel_url,locality_id,review_count,TA_rating,TA_rank,hotel_features
1938661,Row NYC Hotel,https://www.tripadvisor.com/Hotel_Review-g60763-d1938661-Reviews-Row_NYC_Hotel-New_York_City_New_York.html,60763,18,1,3.5,"Free Wifi, Restaurant"
93507,New York Marriott Marquis,https://www.tripadvisor.com/Hotel_Review-g60763-d93507-Reviews-New_York_Marriott_Marquis-New_York_City_New_York.html,60763,10,2,4,"Restaurant, Room Service"
122005,The New Yorker A Wyndham Hotel,https://www.tripadvisor.com/Hotel_Review-g60763-d122005-Reviews-The_New_Yorker_A_Wyndham_Hotel-New_York_City_New_York.html,60763,11,3,4,"Restaurant, Room Service"
611947,New York Hilton Midtown,https://www.tripadvisor.com/Hotel_Review-g60763-d611947-Reviews-New_York_Hilton_Midtown-New_York_City_New_York.html,60763,10,4,3.5,"Restaurant, Bar/Lounge"
93454,Crowne Plaza Times Square Manhattan,https://www.tripadvisor.com/Hotel_Review-g60763-d93454-Reviews-Crowne_Plaza_Times_Square_Manhattan-New_York_City_New_York.html,60763,9,5,4,"Pool, Restaurant"
93352,DoubleTree Suites by Hilton Hotel New York City - Times Square,https://www.tripadvisor.com/Hotel_Review-g60763-d93352-Reviews-DoubleTree_Suites_by_Hilton_Hotel_New_York_City_Times_Square-New_York_City_New_York.html,60763,7,6,4.5,"Restaurant, Room Service"
2079052,YOTEL New York at Times Square West,https://www.tripadvisor.com/Hotel_Review-g60763-d2079052-Reviews-YOTEL_New_York_at_Times_Square_West-New_York_City_New_York.html,60763,10,7,4.5,"Free Wifi, Restaurant"
93450,Grand Hyatt New York,https://www.tripadvisor.com/Hotel_Review-g60763-d93450-Reviews-Grand_Hyatt_New_York-New_York_City_New_York.html,60763,8,8,4,"Free Wifi, Restaurant"
99766,The Roosevelt Hotel,https://www.tripadvisor.com/Hotel_Review-g60763-d99766-Reviews-The_Roosevelt_Hotel-New_York_City_New_York.html,60763,8,9,3.5,"Restaurant, Room Service"
93437,Hotel Edison Times Square,https://www.tripadvisor.com/Hotel_Review-g60763-d93437-Reviews-Hotel_Edison_Times_Square-New_York_City_New_York.html,60763,9,10,3.5,"Bar/Lounge, Fitness center"
93555,Sheraton New York Times Square Hotel,https://www.tripadvisor.com/Hotel_Review-g60763-d93555-Reviews-Sheraton_New_York_Times_Square_Hotel-New_York_City_New_York.html,60763,7,11,4,"Pool, Restaurant"
99352,Hilton Garden Inn Times Square,https://www.tripadvisor.com/Hotel_Review-g60763-d99352-Reviews-Hilton_Garden_Inn_Times_Square-New_York_City_New_York.html,60763,7,12,4.5,"Free Wifi, Restaurant"
208453,Hilton Times Square,https://www.tripadvisor.com/Hotel_Review-g60763-d208453-Reviews-Hilton_Times_Square-New_York_City_New_York.html,60763,6,13,4.5,"Restaurant, Room Service"
113317,Casablanca Hotel by Library Hotel Collection,https://www.tripadvisor.com/Hotel_Review-g60763-d113317-Reviews-Casablanca_Hotel_by_Library_Hotel_Collection-New_York_City_New_York.html,60763,5,14,5,"Free Wifi, Breakfast included"
671150,Empire Hotel,https://www.tripadvisor.com/Hotel_Review-g60763-d671150-Reviews-Empire_Hotel-New_York_City_New_York.html,60763,6,15,3.5,"Pool, Restaurant"
93579,Park Lane Hotel,https://www.tripadvisor.com/Hotel_Review-g60763-d93579-Reviews-Park_Lane_Hotel-New_York_City_New_York.html,60763,6,16,4,"Restaurant, Room Service"
208454,Sofitel New York,https://www.tripadvisor.com/Hotel_Review-g60763-d208454-Reviews-Sofitel_New_York-New_York_City_New_York.html,60763,6,17,4.5,"Free Wifi, Restaurant"
93464,Le Parker Meridien New York,https://www.tripadvisor.com/Hotel_Review-g60763-d93464-Reviews-Le_Parker_Meridien_New_York-New_York_City_New_York.html,60763,5,18,4,"Free Wifi, Pool"
99288,NYLO New York City,https://www.tripadvisor.com/Hotel_Review-g60763-d99288-Reviews-NYLO_New_York_City-New_York_City_New_York.html,60763,5,19,4.5,"Restaurant, Bar/Lounge"
99307,Wellington Hotel,https://www.tripadvisor.com/Hotel_Review-g60763-d99307-Reviews-Wellington_Hotel-New_York_City_New_York.html,60763,6,20,3.5,"Restaurant, Room Service"
93545,The Manhattan at Times Square Hotel,https://www.tripadvisor.com/Hotel_Review-g60763-d93545-Reviews-The_Manhattan_at_Times_Square_Hotel-New_York_City_New_York.html,60763,7,21,3.5,"Fitness center, Free Internet"
93457,Hampton Inn Manhattan-Times Square North,https://www.tripadvisor.com/Hotel_Review-g60763-d93457-Reviews-Hampton_Inn_Manhattan_Times_Square_North-New_York_City_New_York.html,60763,5,22,4.5,"Free Wifi, Breakfast included"
1218792,Hilton Garden Inn New York/West 35th Street,https://www.tripadvisor.com/Hotel_Review-g60763-d1218792-Reviews-Hilton_Garden_Inn_New_York_West_35th_Street-New_York_City_New_York.html,60763,5,23,4.5,"Free Wifi, Restaurant"
1646128,InterContinental New York Times Square,https://www.tripadvisor.com/Hotel_Review-g60763-d1646128-Reviews-InterContinental_New_York_Times_Square-New_York_City_New_York.html,60763,5,24,4.5,"Restaurant, Room Service"
223023,Hudson Hotel New York,https://www.tripadvisor.com/Hotel_Review-g60763-d223023-Reviews-Hudson_Hotel_New_York-New_York_City_New_York.html,60763,6,25,3.5,"Free Wifi, Restaurant"
93543,Shelburne NYC–an Affinia hotel,https://www.tripadvisor.com/Hotel_Review-g60763-d93543-Reviews-Shelburne_NYC_an_Affinia_hotel-New_York_City_New_York.html,60763,4,26,4.5,"Restaurant, Room Service"
93562,Stewart Hotel,https://www.tripadvisor.com/Hotel_Review-g60763-d93562-Reviews-Stewart_Hotel-New_York_City_New_York.html,60763,5,27,4,"Free Wifi, Restaurant"
1465162,Staybridge Suites Times Square - New York City,https://www.tripadvisor.com/Hotel_Review-g60763-d1465162-Reviews-Staybridge_Suites_Times_Square_New_York_City-New_York_City_New_York.html,60763,5,28,4.5,"Free Wifi, Breakfast included"
224221,Library Hotel by Library Hotel Collection,https://www.tripadvisor.com/Hotel_Review-g60763-d224221-Reviews-Library_Hotel_by_Library_Hotel_Collection-New_York_City_New_York.html,60763,4,29,5,"Free Wifi, Breakfast included"
93340,Hotel Elysee by Library Hotel Collection,https://www.tripadvisor.com/Hotel_Review-g60763-d93340-Reviews-Hotel_Elysee_by_Library_Hotel_Collection-New_York_City_New_York.html,60763,3,30,4.5,"Free Wifi, Breakfast included"
4232686,Viceroy Central Park New York,https://www.tripadvisor.com/Hotel_Review-g60763-d4232686-Reviews-Viceroy_Central_Park_New_York-New_York_City_New_York.html,60763,1,31,4,"Free Wifi, Restaurant"
1456416,Trump SoHo New York,https://www.tripadvisor.com/Hotel_Review-g60763-d1456416-Reviews-Trump_SoHo_New_York-New_York_City_New_York.html,60763,3,32,4.5,"Free Wifi, Pool"
99762,Hotel Giraffe by Library Hotel Collection,https://www.tripadvisor.com/Hotel_Review-g60763-d99762-Reviews-Hotel_Giraffe_by_Library_Hotel_Collection-New_York_City_New_York.html,60763,3,34,5,"Free Wifi, Breakfast included"
235238,W New York - Times Square,https://www.tripadvisor.com/Hotel_Review-g60763-d235238-Reviews-W_New_York_Times_Square-New_York_City_New_York.html,60763,4,35,4,"Free Wifi, Pool"
93344,The Watson Hotel,https://www.tripadvisor.com/Hotel_Review-g60763-d93344-Reviews-The_Watson_Hotel-New_York_City_New_York.html,60763,4,36,3.5,"Free Wifi, Pool"
112062,The Time New York,https://www.tripadvisor.com/Hotel_Review-g60763-d112062-Reviews-The_Time_New_York-New_York_City_New_York.html,60763,381,37,4.5,"Free Wifi, Restaurant"
630409,The London NYC,https://www.tripadvisor.com/Hotel_Review-g60763-d630409-Reviews-The_London_NYC-New_York_City_New_York.html,60763,3,38,4.5,"Free Wifi, Restaurant"
93477,New York Marriott Downtown,https://www.tripadvisor.com/Hotel_Review-g60763-d93477-Reviews-New_York_Marriott_Downtown-New_York_City_New_York.html,60763,1,39,4,"Restaurant, Bar/Lounge"
630950,Holiday Inn Express New York City - Chelsea,https://www.tripadvisor.com/Hotel_Review-g60763-d630950-Reviews-Holiday_Inn_Express_New_York_City_Chelsea-New_York_City_New_York.html,60763,2,40,4,"Free Wifi, Breakfast included"
249711,The Hotel at Times Square,https://www.tripadvisor.com/Hotel_Review-g60763-d249711-Reviews-The_Hotel_at_Times_Square-New_York_City_New_York.html,60763,3,41,4,"Free Wifi, Breakfast included"
209382,ONE UN New York,https://www.tripadvisor.com/Hotel_Review-g60763-d209382-Reviews-ONE_UN_New_York-New_York_City_New_York.html,60763,254,43,4,"Free Wifi, Restaurant"
1503474,Distrikt Hotel New York City,https://www.tripadvisor.com/Hotel_Review-g60763-d1503474-Reviews-Distrikt_Hotel_New_York_City-New_York_City_New_York.html,60763,5,44,4.5,"Free Wifi, Bar/Lounge"
281071,"Mandarin Oriental, New York",https://www.tripadvisor.com/Hotel_Review-g60763-d281071-Reviews-Mandarin_Oriental_New_York-New_York_City_New_York.html,60763,1,45,4.5,"Free Wifi, Pool"
249712,The Westin New York at Times Square,https://www.tripadvisor.com/Hotel_Review-g60763-d249712-Reviews-The_Westin_New_York_at_Times_Square-New_York_City_New_York.html,60763,2,46,4,"Pool, Restaurant"
93593,The Westin New York Grand Central,https://www.tripadvisor.com/Hotel_Review-g60763-d93593-Reviews-The_Westin_New_York_Grand_Central-New_York_City_New_York.html,60763,3,47,4,"Pool, Restaurant"
5550873,Archer Hotel New York,https://www.tripadvisor.com/Hotel_Review-g60763-d5550873-Reviews-Archer_Hotel_New_York-New_York_City_New_York.html,60763,2,48,4.5,"Free Wifi, Restaurant"
93339,Hilton New York Grand Central,https://www.tripadvisor.com/Hotel_Review-g60763-d93339-Reviews-Hilton_New_York_Grand_Central-New_York_City_New_York.html,60763,2,49,4,"Restaurant, Room Service"
3235844,Pod 39 Hotel,https://www.tripadvisor.com/Hotel_Review-g60763-d3235844-Reviews-Pod_39_Hotel-New_York_City_New_York.html,60763,3,50,4,"Free Wifi, Restaurant"
675616,The Plaza,https://www.tripadvisor.com/Hotel_Review-g60763-d675616-Reviews-The_Plaza-New_York_City_New_York.html,60763,2,51,4.5,"Free Wifi, Restaurant"
93623,Trump International Hotel and Tower New York,https://www.tripadvisor.com/Hotel_Review-g60763-d93623-Reviews-Trump_International_Hotel_and_Tower_New_York-New_York_City_New_York.html,60763,1,52,4.5,"Free Wifi, Pool"
217616,Kimpton Muse Hotel,https://www.tripadvisor.com/Hotel_Review-g60763-d217616-Reviews-Kimpton_Muse_Hotel-New_York_City_New_York.html,60763,3,53,4.5,"Free Wifi, Restaurant"
93569,The Belvedere,https://www.tripadvisor.com/Hotel_Review-g60763-d93569-Reviews-The_Belvedere-New_York_City_New_York.html,60763,5,54,4,"Restaurant, Room Service"
1456560,Kimpton Hotel Eventi,https://www.tripadvisor.com/Hotel_Review-g60763-d1456560-Reviews-Kimpton_Hotel_Eventi-New_York_City_New_York.html,60763,3,56,4.5,"Restaurant, Room Service"
93517,Paramount Hotel Times Square New York,https://www.tripadvisor.com/Hotel_Review-g60763-d93517-Reviews-Paramount_Hotel_Times_Square_New_York-New_York_City_New_York.html,60763,4,57,3.5,"Free Wifi, Restaurant"
578305,Residence Inn New York Manhattan/Times Square,https://www.tripadvisor.com/Hotel_Review-g60763-d578305-Reviews-Residence_Inn_New_York_Manhattan_Times_Square-New_York_City_New_York.html,60763,2,59,4.5,"Free Wifi, Breakfast included"
126257,Hotel 31,https://www.tripadvisor.com/Hotel_Review-g60763-d126257-Reviews-Hotel_31-New_York_City_New_York.html,60763,1,60,4,Free Wifi
223024,Hotel Chandler,https://www.tripadvisor.com/Hotel_Review-g60763-d223024-Reviews-Hotel_Chandler-New_York_City_New_York.html,60763,3,61,4.5,"Free Wifi, Restaurant"
1601249,Hilton New York Fashion District,https://www.tripadvisor.com/Hotel_Review-g60763-d1601249-Reviews-Hilton_New_York_Fashion_District-New_York_City_New_York.html,60763,3,62,4,"Free Wifi, Restaurant"
612263,Hotel Mela,https://www.tripadvisor.com/Hotel_Review-g60763-d612263-Reviews-Hotel_Mela-New_York_City_New_York.html,60763,4,64,4,"Free Wifi, Restaurant"
99425,Radisson Martinique on Broadway,https://www.tripadvisor.com/Hotel_Review-g60763-d99425-Reviews-Radisson_Martinique_on_Broadway-New_York_City_New_York.html,60763,4,65,4,"Free Wifi, Restaurant"
1158753,Kimpton Ink48 Hotel,https://www.tripadvisor.com/Hotel_Review-g60763-d1158753-Reviews-Kimpton_Ink48_Hotel-New_York_City_New_York.html,60763,3,66,4.5,"Free Wifi, Restaurant"
93346,Salisbury Hotel,https://www.tripadvisor.com/Hotel_Review-g60763-d93346-Reviews-Salisbury_Hotel-New_York_City_New_York.html,60763,3,67,4,
93561,Soho Grand Hotel,https://www.tripadvisor.com/Hotel_Review-g60763-d93561-Reviews-Soho_Grand_Hotel-New_York_City_New_York.html,60763,2,68,4,"Free Wifi, Restaurant"
93520,Park Central Hotel New York,https://www.tripadvisor.com/Hotel_Review-g60763-d93520-Reviews-Park_Central_Hotel_New_York-New_York_City_New_York.html,60763,4,69,4,"Bar/Lounge, Fitness center"
93526,"The Lexington New York City, Autograph Collection",https://www.tripadvisor.com/Hotel_Review-g60763-d93526-Reviews-The_Lexington_New_York_City_Autograph_Collection-New_York_City_New_York.html,60763,3,71,4,"Restaurant, Bar/Lounge"
234762,the Quin,https://www.tripadvisor.com/Hotel_Review-g60763-d234762-Reviews-The_Quin-New_York_City_New_York.html,60763,2,74,4.5,"Free Wifi, Restaurant"
2253206,TRYP New York City Times Square South,https://www.tripadvisor.com/Hotel_Review-g60763-d2253206-Reviews-TRYP_New_York_City_Times_Square_South-New_York_City_New_York.html,60763,3,75,4.5,"Free Wifi, Restaurant"
217626,The Benjamin,https://www.tripadvisor.com/Hotel_Review-g60763-d217626-Reviews-The_Benjamin-New_York_City_New_York.html,60763,2,76,4.5,"Restaurant, Room Service"
1485961,Andaz Wall Street,https://www.tripadvisor.com/Hotel_Review-g60763-d1485961-Reviews-Andaz_Wall_Street-New_York_City_New_York.html,60763,2,77,4.5,"Free Wifi, Restaurant"
1218720,"The Standard, High Line",https://www.tripadvisor.com/Hotel_Review-g60763-d1218720-Reviews-The_Standard_High_Line-New_York_City_New_York.html,60763,2,78,4,"Free Wifi, Restaurant"
99382,The Marcel at Gramercy,https://www.tripadvisor.com/Hotel_Review-g60763-d99382-Reviews-The_Marcel_at_Gramercy-New_York_City_New_York.html,60763,3,79,4,"Room Service, Bar/Lounge"
1852917,Element New York Times Square West,https://www.tripadvisor.com/Hotel_Review-g60763-d1852917-Reviews-Element_New_York_Times_Square_West-New_York_City_New_York.html,60763,4,80,4,"Free Wifi, Breakfast included"
1762573,Andaz 5th Avenue,https://www.tripadvisor.com/Hotel_Review-g60763-d1762573-Reviews-Andaz_5th_Avenue-New_York_City_New_York.html,60763,2,81,4.5,"Free Wifi, Restaurant"
80110,The Roger,https://www.tripadvisor.com/Hotel_Review-g60763-d80110-Reviews-The_Roger-New_York_City_New_York.html,60763,2,82,4,"Free Wifi, Restaurant"
1888977,The Pearl Hotel,https://www.tripadvisor.com/Hotel_Review-g60763-d1888977-Reviews-The_Pearl_Hotel-New_York_City_New_York.html,60763,2,83,4.5,"Free Wifi, Breakfast included"
93516,Novotel New York Times Square,https://www.tripadvisor.com/Hotel_Review-g60763-d93516-Reviews-Novotel_New_York_Times_Square-New_York_City_New_York.html,60763,5,84,4.5,"Restaurant, Room Service"
1776857,"Langham Place, New York, Fifth Avenue",https://www.tripadvisor.com/Hotel_Review-g60763-d1776857-Reviews-Langham_Place_New_York_Fifth_Avenue-New_York_City_New_York.html,60763,2,85,4.5,"Free Wifi, Restaurant"
1456411,Gansevoort Park Avenue NYC,https://www.tripadvisor.com/Hotel_Review-g60763-d1456411-Reviews-Gansevoort_Park_Avenue_NYC-New_York_City_New_York.html,60763,2,86,4.5,"Free Wifi, Pool"
93430,IBEROSTAR 70 Park Avenue Hotel,https://www.tripadvisor.com/Hotel_Review-g60763-d93430-Reviews-IBEROSTAR_70_Park_Avenue_Hotel-New_York_City_New_York.html,60763,2,87,4,"Free Wifi, Fitness center"
99281,The Lucerne Hotel,https://www.tripadvisor.com/Hotel_Review-g60763-d99281-Reviews-The_Lucerne_Hotel-New_York_City_New_York.html,60763,2,88,4.5,"Free Wifi, Restaurant"
122020,Chelsea Pines Inn,https://www.tripadvisor.com/Hotel_Review-g60763-d122020-Reviews-Chelsea_Pines_Inn-New_York_City_New_York.html,60763,2,89,4.5,"Free Wifi, Breakfast included"
6385164,citizenM New York Times Square,https://www.tripadvisor.com/Hotel_Review-g60763-d6385164-Reviews-CitizenM_New_York_Times_Square-New_York_City_New_York.html,60763,2,90,4.5,"Free Wifi, Bar/Lounge"
225942,Park South Hotel,https://www.tripadvisor.com/Hotel_Review-g60763-d225942-Reviews-Park_South_Hotel-New_York_City_New_York.html,60763,2,121,4.5,"Free Wifi, Fitness center"
2554351,Hyatt Place New York Midtown South,https://www.tripadvisor.com/Hotel_Review-g60763-d2554351-Reviews-Hyatt_Place_New_York_Midtown_South-New_York_City_New_York.html,60763,1,122,4,"Free Wifi, Breakfast included"
93398,SIXTY SoHo,https://www.tripadvisor.com/Hotel_Review-g60763-d93398-Reviews-SIXTY_SoHo-New_York_City_New_York.html,60763,911,124,4.5,"Free Wifi, Restaurant"
3522780,Walker Hotel Greenwich Village,https://www.tripadvisor.com/Hotel_Review-g60763-d3522780-Reviews-Walker_Hotel_Greenwich_Village-New_York_City_New_York.html,60763,972,125,4.5,"Free Wifi, Restaurant"
1371825,"Smyth, a Thompson Hotel",https://www.tripadvisor.com/Hotel_Review-g60763-d1371825-Reviews-Smyth_a_Thompson_Hotel-New_York_City_New_York.html,60763,467,126,4.5,"Free Wifi, Restaurant"
4053479,Courtyard New York Manhattan/Herald Square,https://www.tripadvisor.com/Hotel_Review-g60763-d4053479-Reviews-Courtyard_New_York_Manhattan_Herald_Square-New_York_City_New_York.html,60763,744,128,4.5,"Free Wifi, Restaurant"
125274,The Redbury New York,https://www.tripadvisor.com/Hotel_Review-g60763-d125274-Reviews-The_Redbury_New_York-New_York_City_New_York.html,60763,322,130,4,"Free Wifi, Restaurant"
1553789,World Center Hotel,https://www.tripadvisor.com/Hotel_Review-g60763-d1553789-Reviews-World_Center_Hotel-New_York_City_New_York.html,60763,912,131,4.5,"Free Wifi, Restaurant"
99371,Courtyard New York Manhattan/Midtown East,https://www.tripadvisor.com/Hotel_Review-g60763-d99371-Reviews-Courtyard_New_York_Manhattan_Midtown_East-New_York_City_New_York.html,60763,2,132,4.5,"Free Wifi, Fitness center"
575732,Renaissance New York Hotel 57,https://www.tripadvisor.com/Hotel_Review-g60763-d575732-Reviews-Renaissance_New_York_Hotel_57-New_York_City_New_York.html,60763,1,133,4,"Free Wifi, Restaurant"
1214829,Doubletree Hotel Chelsea - New York City,https://www.tripadvisor.com/Hotel_Review-g60763-d1214829-Reviews-Doubletree_Hotel_Chelsea_New_York_City-New_York_City_New_York.html,60763,1,134,4,"Free Wifi, Restaurant"
3572587,Hampton Inn Manhattan Grand Central,https://www.tripadvisor.com/Hotel_Review-g60763-d3572587-Reviews-Hampton_Inn_Manhattan_Grand_Central-New_York_City_New_York.html,60763,2,135,4.5,"Free Wifi, Breakfast included"
93625,Hotel Wales,https://www.tripadvisor.com/Hotel_Review-g60763-d93625-Reviews-Hotel_Wales-New_York_City_New_York.html,60763,749,136,4,"Free Wifi, Restaurant"
1786395,NOMO SOHO Hotel,https://www.tripadvisor.com/Hotel_Review-g60763-d1786395-Reviews-NOMO_SOHO_Hotel-New_York_City_New_York.html,60763,937,138,4,"Free Wifi, Restaurant"
5040757,"Homewood Suites by Hilton New York/Midtown Manhattan Times Square-South, NY",https://www.tripadvisor.com/Hotel_Review-g60763-d5040757-Reviews-Homewood_Suites_by_Hilton_New_York_Midtown_Manhattan_Times_Square_South_NY-New_York_Cit.html,60763,2,139,4.5,"Free Wifi, Fitness center"
287626,Gansevoort Meatpacking NYC,https://www.tripadvisor.com/Hotel_Review-g60763-d287626-Reviews-Gansevoort_Meatpacking_NYC-New_York_City_New_York.html,60763,1,140,4,"Free Wifi, Pool"
1806062,Cassa Hotel 45th Street New York,https://www.tripadvisor.com/Hotel_Review-g60763-d1806062-Reviews-Cassa_Hotel_45th_Street_New_York-New_York_City_New_York.html,60763,2,141,4.5,"Free Wifi, Restaurant"
93525,Sanctuary Hotel New York,https://www.tripadvisor.com/Hotel_Review-g60763-d93525-Reviews-Sanctuary_Hotel_New_York-New_York_City_New_York.html,60763,4,142,4.5,"Free Wifi, Breakfast included"
93606,Hotel Plaza Athenee New York,https://www.tripadvisor.com/Hotel_Review-g60763-d93606-Reviews-Hotel_Plaza_Athenee_New_York-New_York_City_New_York.html,60763,652,143,4.5,"Free Wifi, Restaurant"
217623,"Club Quarters Hotel, Wall Street",https://www.tripadvisor.com/Hotel_Review-g60763-d217623-Reviews-Club_Quarters_Hotel_Wall_Street-New_York_City_New_York.html,60763,1,145,4,"Free Wifi, Restaurant"
93396,The Iroquois New York,https://www.tripadvisor.com/Hotel_Review-g60763-d93396-Reviews-The_Iroquois_New_York-New_York_City_New_York.html,60763,3,148,4.5,"Free Wifi, Restaurant"
222959,"The Ritz-Carlton New York, Battery Park",https://www.tripadvisor.com/Hotel_Review-g60763-d222959-Reviews-The_Ritz_Carlton_New_York_Battery_Park-New_York_City_New_York.html,60763,2,149,4.5,"Free Wifi, Restaurant"
564851,Courtyard New York Manhattan/Upper East Side,https://www.tripadvisor.com/Hotel_Review-g60763-d564851-Reviews-Courtyard_New_York_Manhattan_Upper_East_Side-New_York_City_New_York.html,60763,842,150,4,"Free Wifi, Fitness center"
93383,6 Columbus - A SIXTY Hotel,https://www.tripadvisor.com/Hotel_Review-g60763-d93383-Reviews-6_Columbus_A_SIXTY_Hotel-New_York_City_New_York.html,60763,1,151,4,"Free Wifi, Restaurant"
455186,JW Marriott Essex House New York,https://www.tripadvisor.com/Hotel_Review-g60763-d455186-Reviews-JW_Marriott_Essex_House_New_York-New_York_City_New_York.html,60763,1,152,4,"Free Wifi, Restaurant"
273530,The Maritime Hotel,https://www.tripadvisor.com/Hotel_Review-g60763-d273530-Reviews-The_Maritime_Hotel-New_York_City_New_York.html,60763,647,153,4.5,"Free Wifi, Restaurant"
514488,Hotel on Rivington,https://www.tripadvisor.com/Hotel_Review-g60763-d514488-Reviews-Hotel_on_Rivington-New_York_City_New_York.html,60763,1,154,4,"Free Wifi, Restaurant"
93475,New York Marriott East Side,https://www.tripadvisor.com/Hotel_Review-g60763-d93475-Reviews-New_York_Marriott_East_Side-New_York_City_New_York.html,60763,2,155,4,"Free Wifi, Restaurant"
93445,The Blakely New York,https://www.tripadvisor.com/Hotel_Review-g60763-d93445-Reviews-The_Blakely_New_York-New_York_City_New_York.html,60763,1,156,4.5,"Free Wifi, Breakfast included"
99392,Hotel Metro,https://www.tripadvisor.com/Hotel_Review-g60763-d99392-Reviews-Hotel_Metro-New_York_City_New_York.html,60763,4,157,4.5,"Free Wifi, Breakfast included"
1158763,Hampton Inn Manhattan-35th St/Empire State Bldg,https://www.tripadvisor.com/Hotel_Review-g60763-d1158763-Reviews-Hampton_Inn_Manhattan_35th_St_Empire_State_Bldg-New_York_City_New_York.html,60763,2,158,4,"Free Wifi, Breakfast included"
121998,The Marmara Manhattan,https://www.tripadvisor.com/Hotel_Review-g60763-d121998-Reviews-The_Marmara_Manhattan-New_York_City_New_York.html,60763,883,159,4.5,"Free Wifi, Fitness center"
93345,Skyline Hotel,https://www.tripadvisor.com/Hotel_Review-g60763-d93345-Reviews-Skyline_Hotel-New_York_City_New_York.html,60763,2,161,4,"Pool, Restaurant"
5960548,Hilton Garden Inn New York/Manhattan-Midtown East,https://www.tripadvisor.com/Hotel_Review-g60763-d5960548-Reviews-Hilton_Garden_Inn_New_York_Manhattan_Midtown_East-New_York_City_New_York.html,60763,1,162,4.5,"Free Wifi, Restaurant"
1791248,Hotel Mulberry,https://www.tripadvisor.com/Hotel_Review-g60763-d1791248-Reviews-Hotel_Mulberry-New_York_City_New_York.html,60763,582,163,4.5,"Free Wifi, Breakfast included"
1201072,Ace Hotel New York,https://www.tripadvisor.com/Hotel_Review-g60763-d1201072-Reviews-Ace_Hotel_New_York-New_York_City_New_York.html,60763,1,164,4,"Free Wifi, Restaurant"
277882,Hampton Inn Manhattan-Seaport-Financial District,https://www.tripadvisor.com/Hotel_Review-g60763-d277882-Reviews-Hampton_Inn_Manhattan_Seaport_Financial_District-New_York_City_New_York.html,60763,1,165,4,"Free Wifi, Breakfast included"
5786212,Hilton Garden Inn New York/Central Park South-Midtown West,https://www.tripadvisor.com/Hotel_Review-g60763-d5786212-Reviews-Hilton_Garden_Inn_New_York_Central_Park_South_Midtown_West-New_York_City_New_York.html,60763,2,166,4,"Free Wifi, Restaurant"
1785018,The James New York-SoHo,https://www.tripadvisor.com/Hotel_Review-g60763-d1785018-Reviews-The_James_New_York_SoHo-New_York_City_New_York.html,60763,1,167,4.5,"Free Wifi, Pool"
6582176,Park Hyatt New York,https://www.tripadvisor.com/Hotel_Review-g60763-d6582176-Reviews-Park_Hyatt_New_York-New_York_City_New_York.html,60763,1,168,4.5,"Free Wifi, Room Service"
1234559,Holiday Inn New York City - Wall Street,https://www.tripadvisor.com/Hotel_Review-g60763-d1234559-Reviews-Holiday_Inn_New_York_City_Wall_Street-New_York_City_New_York.html,60763,728,169,4,"Free Wifi, Restaurant"
1858923,DoubleTree by Hilton Hotel New York City - Financial District,https://www.tripadvisor.com/Hotel_Review-g60763-d1858923-Reviews-DoubleTree_by_Hilton_Hotel_New_York_City_Financial_District-New_York_City_New_York.html,60763,2,170,3.5,"Restaurant, Room Service"
99332,Ameritania Hotel,https://www.tripadvisor.com/Hotel_Review-g60763-d99332-Reviews-Ameritania_Hotel-New_York_City_New_York.html,60763,5,171,4.5,"Room Service, Bar/Lounge"
2622936,Wyndham Garden Chinatown,https://www.tripadvisor.com/Hotel_Review-g60763-d2622936-Reviews-Wyndham_Garden_Chinatown-New_York_City_New_York.html,60763,1,172,4.5,"Free Wifi, Restaurant"
99774,La Quinta Inn & Suites Manhattan,https://www.tripadvisor.com/Hotel_Review-g60763-d99774-Reviews-La_Quinta_Inn_Suites_Manhattan-New_York_City_New_York.html,60763,2,174,4,"Free Wifi, Breakfast included"
112039,Hotel Newton,https://www.tripadvisor.com/Hotel_Review-g60763-d112039-Reviews-Hotel_Newton-New_York_City_New_York.html,60763,1,175,4,Free Internet
1595302,"Club Quarters Hotel, World Trade Center",https://www.tripadvisor.com/Hotel_Review-g60763-d1595302-Reviews-Club_Quarters_Hotel_World_Trade_Center-New_York_City_New_York.html,60763,1,176,4.5,"Free Wifi, Restaurant"
99321,The Manhattan Club,https://www.tripadvisor.com/Hotel_Review-g60763-d99321-Reviews-The_Manhattan_Club-New_York_City_New_York.html,60763,1,177,4,"Free Wifi, Bar/Lounge"
112021,Broadway at Times Square Hotel,https://www.tripadvisor.com/Hotel_Review-g60763-d112021-Reviews-Broadway_at_Times_Square_Hotel-New_York_City_New_York.html,60763,2,178,4,"Free Wifi, Breakfast included"
1913413,The Jewel facing Rockefeller Center,https://www.tripadvisor.com/Hotel_Review-g60763-d1913413-Reviews-The_Jewel_facing_Rockefeller_Center-New_York_City_New_York.html,60763,1,179,4.5,"Free Wifi, Room Service"
217630,414 Hotel,https://www.tripadvisor.com/Hotel_Review-g60763-d217630-Reviews-414_Hotel-New_York_City_New_York.html,60763,1,180,4.5,"Free Wifi, Breakfast included"
7352347,Hotel Indigo Lower East Side New York,https://www.tripadvisor.com/Hotel_Review-g60763-d7352347-Reviews-Hotel_Indigo_Lower_East_Side_New_York-New_York_City_New_York.html,60763,637,181,4.5,"Free Wifi, Pool"
7737096,Holiday Inn New York City - Times Square,https://www.tripadvisor.com/Hotel_Review-g60763-d7737096-Reviews-Holiday_Inn_New_York_City_Times_Square-New_York_City_New_York.html,60763,616,182,4,"Free Wifi, Restaurant"
1128769,SIXTY LES,https://www.tripadvisor.com/Hotel_Review-g60763-d1128769-Reviews-SIXTY_LES-New_York_City_New_York.html,60763,1,183,4,"Free Wifi, Pool"
75737,Night Theater District,https://www.tripadvisor.com/Hotel_Review-g60763-d75737-Reviews-Night_Theater_District-New_York_City_New_York.html,60763,2,184,4,"Restaurant, Room Service"
1940859,Hyatt Herald Square New York,https://www.tripadvisor.com/Hotel_Review-g60763-d1940859-Reviews-Hyatt_Herald_Square_New_York-New_York_City_New_York.html,60763,931,185,4.5,"Free Wifi, Restaurant"
10679074,LUMA Hotel Times Square,https://www.tripadvisor.com/Hotel_Review-g60763-d10679074-Reviews-LUMA_Hotel_Times_Square-New_York_City_New_York.html,60763,123,186,4.5,"Free Wifi, Restaurant"
5039852,Courtyard by Marriott New York Manhattan/Central Park,https://www.tripadvisor.com/Hotel_Review-g60763-d5039852-Reviews-Courtyard_by_Marriott_New_York_Manhattan_Central_Park-New_York_City_New_York.html,60763,1,187,4,"Free Wifi, Restaurant"
1464151,Four Points by Sheraton Midtown - Times Square,https://www.tripadvisor.com/Hotel_Review-g60763-d1464151-Reviews-Four_Points_by_Sheraton_Midtown_Times_Square-New_York_City_New_York.html,60763,2,188,4,"Free Wifi, Restaurant"
93467,Gardens NYC–an Affinia hotel,https://www.tripadvisor.com/Hotel_Review-g60763-d93467-Reviews-Gardens_NYC_an_Affinia_hotel-New_York_City_New_York.html,60763,1,192,4.5,"Free Wifi, Room Service"
93431,The Tuscany - A St Giles Signature Hotel,https://www.tripadvisor.com/Hotel_Review-g60763-d93431-Reviews-The_Tuscany_A_St_Giles_Signature_Hotel-New_York_City_New_York.html,60763,1,193,4.5,"Free Wifi, Restaurant"
1060157,Best Western Bowery Hanbee Hotel,https://www.tripadvisor.com/Hotel_Review-g60763-d1060157-Reviews-Best_Western_Bowery_Hanbee_Hotel-New_York_City_New_York.html,60763,1,195,4,"Free Wifi, Breakfast included"
1485603,Comfort Inn Times Square West,https://www.tripadvisor.com/Hotel_Review-g60763-d1485603-Reviews-Comfort_Inn_Times_Square_West-New_York_City_New_York.html,60763,989,196,4,"Free Wifi, Breakfast included"
6877735,Fairfield Inn New York Manhattan/Financial District,https://www.tripadvisor.com/Hotel_Review-g60763-d6877735-Reviews-Fairfield_Inn_New_York_Manhattan_Financial_District-New_York_City_New_York.html,60763,389,199,4,"Free Wifi, Breakfast included"
8541913,Renaissance New York Midtown Hotel,https://www.tripadvisor.com/Hotel_Review-g60763-d8541913-Reviews-Renaissance_New_York_Midtown_Hotel-New_York_City_New_York.html,60763,634,201,4.5,"Free Wifi, Restaurant"
10040329,11 Howard,https://www.tripadvisor.com/Hotel_Review-g60763-d10040329-Reviews-11_Howard-New_York_City_New_York.html,60763,492,203,4.5,"Free Wifi, Restaurant"
4053109,SpringHill Suites New York Midtown Manhattan/Fifth Avenue,https://www.tripadvisor.com/Hotel_Review-g60763-d4053109-Reviews-SpringHill_Suites_New_York_Midtown_Manhattan_Fifth_Avenue-New_York_City_New_York.html,60763,975,204,4.5,"Free Wifi, Breakfast included"
122015,HGU New York,https://www.tripadvisor.com/Hotel_Review-g60763-d122015-Reviews-HGU_New_York-New_York_City_New_York.html,60763,176,205,4.5,"Free Wifi, Restaurant"
1235341,Carvi Hotel New York,https://www.tripadvisor.com/Hotel_Review-g60763-d1235341-Reviews-Carvi_Hotel_New_York-New_York_City_New_York.html,60763,576,206,4.5,Free Wifi
93534,Renaissance New York Times Square Hotel,https://www.tripadvisor.com/Hotel_Review-g60763-d93534-Reviews-Renaissance_New_York_Times_Square_Hotel-New_York_City_New_York.html,60763,2,211,4.5,"Free Wifi, Restaurant"
99368,Courtyard New York Manhattan/Times Square,https://www.tripadvisor.com/Hotel_Review-g60763-d99368-Reviews-Courtyard_New_York_Manhattan_Times_Square-New_York_City_New_York.html,60763,1,212,4,"Free Wifi, Bar/Lounge"
157057,Chambers Hotel,https://www.tripadvisor.com/Hotel_Review-g60763-d157057-Reviews-Chambers_Hotel-New_York_City_New_York.html,60763,640,214,4.5,"Free Wifi, Restaurant"
620399,Duane Street Hotel,https://www.tripadvisor.com/Hotel_Review-g60763-d620399-Reviews-Duane_Street_Hotel-New_York_City_New_York.html,60763,615,215,4.5,"Free Wifi, Restaurant"
1149402,"The Standard, East Village",https://www.tripadvisor.com/Hotel_Review-g60763-d1149402-Reviews-The_Standard_East_Village-New_York_City_New_York.html,60763,690,216,4.5,"Free Wifi, Restaurant"
607712,"Club Quarters Hotel, opposite Rockefeller Center",https://www.tripadvisor.com/Hotel_Review-g60763-d607712-Reviews-Club_Quarters_Hotel_opposite_Rockefeller_Center-New_York_City_New_York.html,60763,1,218,4,"Free Wifi, Restaurant"
655944,AKA Times Square,https://www.tripadvisor.com/Hotel_Review-g60763-d655944-Reviews-AKA_Times_Square-New_York_City_New_York.html,60763,590,219,4.5,"Free Wifi, Fitness center"
99388,The Hotel @ New York City,https://www.tripadvisor.com/Hotel_Review-g60763-d99388-Reviews-The_Hotel_New_York_City-New_York_City_New_York.html,60763,1,221,4,"Free Wifi, Breakfast included"
290978,Hotel St. James,https://www.tripadvisor.com/Hotel_Review-g60763-d290978-Reviews-Hotel_St_James-New_York_City_New_York.html,60763,2,222,3.5,Free Internet
1963673,The Gotham Hotel,https://www.tripadvisor.com/Hotel_Review-g60763-d1963673-Reviews-The_Gotham_Hotel-New_York_City_New_York.html,60763,780,225,4,"Free Wifi, Restaurant"
1845644,Courtyard New York Manhattan/SoHo,https://www.tripadvisor.com/Hotel_Review-g60763-d1845644-Reviews-Courtyard_New_York_Manhattan_SoHo-New_York_City_New_York.html,60763,559,226,4.5,"Free Wifi, Restaurant"
1048678,The Hotel 91,https://www.tripadvisor.com/Hotel_Review-g60763-d1048678-Reviews-The_Hotel_91-New_York_City_New_York.html,60763,741,227,3.5,Free Wifi
4457041,Fairfield Inn & Suites New York Manhattan/Downtown East,https://www.tripadvisor.com/Hotel_Review-g60763-d4457041-Reviews-Fairfield_Inn_Suites_New_York_Manhattan_Downtown_East-New_York_City_New_York.html,60763,356,228,4,"Free Wifi, Breakfast included"
217627,Belnord Hotel,https://www.tripadvisor.com/Hotel_Review-g60763-d217627-Reviews-Belnord_Hotel-New_York_City_New_York.html,60763,1,229,3.5,Free Wifi
93359,Econo Lodge Times Square,https://www.tripadvisor.com/Hotel_Review-g60763-d93359-Reviews-Econo_Lodge_Times_Square-New_York_City_New_York.html,60763,1,230,4,"Free Wifi, Breakfast included"
93559,The Sherry-Netherland Hotel,https://www.tripadvisor.com/Hotel_Review-g60763-d93559-Reviews-The_Sherry_Netherland_Hotel-New_York_City_New_York.html,60763,698,231,5,"Free Wifi, Restaurant"
80087,Best Western Plus Hospitality House,https://www.tripadvisor.com/Hotel_Review-g60763-d80087-Reviews-Best_Western_Plus_Hospitality_House-New_York_City_New_York.html,60763,1,233,4.5,"Free Wifi, Breakfast included"
624442,Hotel 373 Fifth Avenue,https://www.tripadvisor.com/Hotel_Review-g60763-d624442-Reviews-Hotel_373_Fifth_Avenue-New_York_City_New_York.html,60763,1,234,4,Free Wifi
99333,Washington Jefferson Hotel,https://www.tripadvisor.com/Hotel_Review-g60763-d99333-Reviews-Washington_Jefferson_Hotel-New_York_City_New_York.html,60763,1,236,4,"Free Wifi, Restaurant"
112019,Chelsea Savoy Hotel,https://www.tripadvisor.com/Hotel_Review-g60763-d112019-Reviews-Chelsea_Savoy_Hotel-New_York_City_New_York.html,60763,635,238,4,"Free Wifi, Breakfast included"
609602,Seafarers & International House,https://www.tripadvisor.com/Hotel_Review-g60763-d609602-Reviews-Seafarers_International_House-New_York_City_New_York.html,60763,247,240,4,Free Internet
224226,City Club Hotel,https://www.tripadvisor.com/Hotel_Review-g60763-d224226-Reviews-City_Club_Hotel-New_York_City_New_York.html,60763,835,241,4,"Free Wifi, Restaurant"
673077,Comfort Inn Times Square South,https://www.tripadvisor.com/Hotel_Review-g60763-d673077-Reviews-Comfort_Inn_Times_Square_South-New_York_City_New_York.html,60763,1,242,4,"Free Wifi, Breakfast included"
93376,Night Times Square,https://www.tripadvisor.com/Hotel_Review-g60763-d93376-Reviews-Night_Times_Square-New_York_City_New_York.html,60763,4,243,3.5,"Free Wifi, Restaurant"
3502291,Comfort Inn Midtown West,https://www.tripadvisor.com/Hotel_Review-g60763-d3502291-Reviews-Comfort_Inn_Midtown_West-New_York_City_New_York.html,60763,541,244,4,"Free Wifi, Breakfast included"
121996,The Gregory Hotel,https://www.tripadvisor.com/Hotel_Review-g60763-d121996-Reviews-The_Gregory_Hotel-New_York_City_New_York.html,60763,556,247,4,"Free Wifi, Restaurant"
634696,The Bowery Hotel,https://www.tripadvisor.com/Hotel_Review-g60763-d634696-Reviews-The_Bowery_Hotel-New_York_City_New_York.html,60763,625,248,4.5,"Free Wifi, Restaurant"
113298,Four Seasons Hotel New York,https://www.tripadvisor.com/Hotel_Review-g60763-d113298-Reviews-Four_Seasons_Hotel_New_York-New_York_City_New_York.html,60763,146,249,4.5,"Free Wifi, Restaurant"
620040,Wingate by Wyndham Manhattan Midtown,https://www.tripadvisor.com/Hotel_Review-g60763-d620040-Reviews-Wingate_by_Wyndham_Manhattan_Midtown-New_York_City_New_York.html,60763,2,250,4,"Free Wifi, Breakfast included"
224223,"nyma, the New York Manhattan Hotel",https://www.tripadvisor.com/Hotel_Review-g60763-d224223-Reviews-Nyma_the_New_York_Manhattan_Hotel-New_York_City_New_York.html,60763,2,252,4,"Free Wifi, Breakfast included"
1237128,Hotel Hayden,https://www.tripadvisor.com/Hotel_Review-g60763-d1237128-Reviews-Hotel_Hayden-New_York_City_New_York.html,60763,164,253,4,"Free Wifi, Restaurant"
93612,Shoreham,https://www.tripadvisor.com/Hotel_Review-g60763-d93612-Reviews-Shoreham-New_York_City_New_York.html,60763,1,254,3.5,"Restaurant, Room Service"
99354,Moderne Hotel,https://www.tripadvisor.com/Hotel_Review-g60763-d99354-Reviews-Moderne_Hotel-New_York_City_New_York.html,60763,1,255,4.5,Free Wifi
3168954,SoHo Garden Hotel,https://www.tripadvisor.com/Hotel_Review-g60763-d3168954-Reviews-SoHo_Garden_Hotel-New_York_City_New_York.html,60763,411,256,3.5,Free Wifi
4446427,Hotel Boutique At Grand Central,https://www.tripadvisor.com/Hotel_Review-g60763-d4446427-Reviews-Hotel_Boutique_At_Grand_Central-New_York_City_New_York.html,60763,498,257,4.5,"Free Wifi, Restaurant"
223019,Broadway Plaza Hotel,https://www.tripadvisor.com/Hotel_Review-g60763-d223019-Reviews-Broadway_Plaza_Hotel-New_York_City_New_York.html,60763,1,258,4,"Free Wifi, Breakfast included"
93622,Travel Inn Hotel New York,https://www.tripadvisor.com/Hotel_Review-g60763-d93622-Reviews-Travel_Inn_Hotel_New_York-New_York_City_New_York.html,60763,1,260,3.5,Pool
866615,Hampton Inn Manhattan-SoHo,https://www.tripadvisor.com/Hotel_Review-g60763-d866615-Reviews-Hampton_Inn_Manhattan_SoHo-New_York_City_New_York.html,60763,1,262,4,"Free Wifi, Breakfast included"
1563892,Flatiron Hotel,https://www.tripadvisor.com/Hotel_Review-g60763-d1563892-Reviews-Flatiron_Hotel-New_York_City_New_York.html,60763,780,263,4,"Free Wifi, Restaurant"
93610,Royalton New York Hotel,https://www.tripadvisor.com/Hotel_Review-g60763-d93610-Reviews-Royalton_New_York_Hotel-New_York_City_New_York.html,60763,2,264,4,"Restaurant, Bar/Lounge"
93565,Hotel Stanford,https://www.tripadvisor.com/Hotel_Review-g60763-d93565-Reviews-Hotel_Stanford-New_York_City_New_York.html,60763,1,265,4,"Free Wifi, Breakfast included"
4451787,"Club Quarters Hotel, Grand Central",https://www.tripadvisor.com/Hotel_Review-g60763-d4451787-Reviews-Club_Quarters_Hotel_Grand_Central-New_York_City_New_York.html,60763,616,266,4.5,"Free Wifi, Restaurant"
488793,Solita Soho Hotel,https://www.tripadvisor.com/Hotel_Review-g60763-d488793-Reviews-Solita_Soho_Hotel-New_York_City_New_York.html,60763,472,268,4,"Free Wifi, Bar/Lounge"
121981,Americana Inn,https://www.tripadvisor.com/Hotel_Review-g60763-d121981-Reviews-Americana_Inn-New_York_City_New_York.html,60763,723,269,3.5,
1028569,Greenwich Hotel,https://www.tripadvisor.com/Hotel_Review-g60763-d1028569-Reviews-Greenwich_Hotel-New_York_City_New_York.html,60763,525,270,4.5,"Free Wifi, Pool"
1746459,The Nolitan Hotel,https://www.tripadvisor.com/Hotel_Review-g60763-d1746459-Reviews-The_Nolitan_Hotel-New_York_City_New_York.html,60763,947,272,4.5,"Free Wifi, Restaurant"
93568,"The Algonquin Hotel Times Square, Autograph Collection",https://www.tripadvisor.com/Hotel_Review-g60763-d93568-Reviews-The_Algonquin_Hotel_Times_Square_Autograph_Collection-New_York_City_New_York.html,60763,1,273,4,"Free Wifi, Restaurant"
93586,The Mansfield,https://www.tripadvisor.com/Hotel_Review-g60763-d93586-Reviews-The_Mansfield-New_York_City_New_York.html,60763,1,274,3.5,"Restaurant, Bar/Lounge"
5072714,The Broome,https://www.tripadvisor.com/Hotel_Review-g60763-d5072714-Reviews-The_Broome-New_York_City_New_York.html,60763,462,276,5,"Free Wifi, Breakfast included"
1217376,36 Hudson Hotel,https://www.tripadvisor.com/Hotel_Review-g60763-d1217376-Reviews-36_Hudson_Hotel-New_York_City_New_York.html,60763,585,278,4,Free Wifi
281234,Four Points by Sheraton Manhattan Chelsea,https://www.tripadvisor.com/Hotel_Review-g60763-d281234-Reviews-Four_Points_by_Sheraton_Manhattan_Chelsea-New_York_City_New_York.html,60763,1,281,4,"Free Wifi, Pool"
251906,The Wall Street Inn,https://www.tripadvisor.com/Hotel_Review-g60763-d251906-Reviews-The_Wall_Street_Inn-New_York_City_New_York.html,60763,507,282,4,"Free Wifi, Breakfast included"
80075,Amsterdam Court Hotel,https://www.tripadvisor.com/Hotel_Review-g60763-d80075-Reviews-Amsterdam_Court_Hotel-New_York_City_New_York.html,60763,3,283,3.5,"Restaurant, Bar/Lounge"
80107,Roger Smith Hotel,https://www.tripadvisor.com/Hotel_Review-g60763-d80107-Reviews-Roger_Smith_Hotel-New_York_City_New_York.html,60763,2,284,4,"Free Wifi, Bar/Lounge"
7182733,The Paul Hotel,https://www.tripadvisor.com/Hotel_Review-g60763-d7182733-Reviews-The_Paul_Hotel-New_York_City_New_York.html,60763,663,285,4,"Free Wifi, Pool"
194238,The Court – A St Giles Hotel,https://www.tripadvisor.com/Hotel_Review-g60763-d194238-Reviews-The_Court_A_St_Giles_Hotel-New_York_City_New_York.html,60763,2,286,4,"Free Wifi, Restaurant"
6555841,The Leon Hotel,https://www.tripadvisor.com/Hotel_Review-g60763-d6555841-Reviews-The_Leon_Hotel-New_York_City_New_York.html,60763,387,287,4.5,Free Wifi
5888246,Comfort Inn Lower East Side,https://www.tripadvisor.com/Hotel_Review-g60763-d5888246-Reviews-Comfort_Inn_Lower_East_Side-New_York_City_New_York.html,60763,164,288,4,"Free Wifi, Breakfast included"
6219365,Hotel Hugo,https://www.tripadvisor.com/Hotel_Review-g60763-d6219365-Reviews-Hotel_Hugo-New_York_City_New_York.html,60763,1,289,4,"Free Wifi, Restaurant"
254605,Hotel Shocard at Times Square,https://www.tripadvisor.com/Hotel_Review-g60763-d254605-Reviews-Hotel_Shocard_at_Times_Square-New_York_City_New_York.html,60763,201,290,4,"Free Wifi, Bar/Lounge"
292140,Sohotel,https://www.tripadvisor.com/Hotel_Review-g60763-d292140-Reviews-Sohotel-New_York_City_New_York.html,60763,1,291,3.5,"Free Wifi, Bar/Lounge"
217629,3 West Club,https://www.tripadvisor.com/Hotel_Review-g60763-d217629-Reviews-3_West_Club-New_York_City_New_York.html,60763,136,292,4,"Free Wifi, Restaurant"
93374,Off Soho Suites,https://www.tripadvisor.com/Hotel_Review-g60763-d93374-Reviews-Off_Soho_Suites-New_York_City_New_York.html,60763,269,293,3.5,"Free Wifi, Fitness center"
93401,Heritage Hotel New York City,https://www.tripadvisor.com/Hotel_Review-g60763-d93401-Reviews-Heritage_Hotel_New_York_City-New_York_City_New_York.html,60763,756,294,3.5,"Free Wifi, Breakfast included"
247814,The Gatsby Hotel,https://www.tripadvisor.com/Hotel_Review-g60763-d247814-Reviews-The_Gatsby_Hotel-New_York_City_New_York.html,60763,50,295,4,"Free Wifi, Fitness center"
121987,The Milburn Hotel,https://www.tripadvisor.com/Hotel_Review-g60763-d121987-Reviews-The_Milburn_Hotel-New_York_City_New_York.html,60763,1,297,4,"Free Wifi, Fitness center"
1572980,Crosby Street Hotel,https://www.tripadvisor.com/Hotel_Review-g60763-d1572980-Reviews-Crosby_Street_Hotel-New_York_City_New_York.html,60763,773,299,5,"Free Wifi, Restaurant"
1415127,The French Quarters Guest Apartments,https://www.tripadvisor.com/Hotel_Review-g60763-d1415127-Reviews-The_French_Quarters_Guest_Apartments-New_York_City_New_York.html,60763,1,300,4.5,"Free Wifi, Breakfast included"
8615610,"The Beekman, A Thompson Hotel",https://www.tripadvisor.com/Hotel_Review-g60763-d8615610-Reviews-The_Beekman_A_Thompson_Hotel-New_York_City_New_York.html,60763,424,301,5,"Free Wifi, Restaurant"
6883205,1 Hotel Central Park,https://www.tripadvisor.com/Hotel_Review-g60763-d6883205-Reviews-1_Hotel_Central_Park-New_York_City_New_York.html,60763,1,302,4.5,"Free Wifi, Restaurant"
7778097,EVEN Hotel Times Square South,https://www.tripadvisor.com/Hotel_Review-g60763-d7778097-Reviews-EVEN_Hotel_Times_Square_South-New_York_City_New_York.html,60763,995,303,5,"Free Wifi, Restaurant"
217622,Dylan Hotel NYC,https://www.tripadvisor.com/Hotel_Review-g60763-d217622-Reviews-Dylan_Hotel_NYC-New_York_City_New_York.html,60763,877,304,3.5,"Free Wifi, Restaurant"
1383001,Comfort Inn Manhattan Bridge,https://www.tripadvisor.com/Hotel_Review-g60763-d1383001-Reviews-Comfort_Inn_Manhattan_Bridge-New_York_City_New_York.html,60763,565,305,4,"Free Wifi, Breakfast included"
10066892,Hotel 50 Bowery NYC,https://www.tripadvisor.com/Hotel_Review-g60763-d10066892-Reviews-Hotel_50_Bowery_NYC-New_York_City_New_York.html,60763,232,306,5,"Free Wifi, Restaurant"
99391,Courtyard New York Manhattan/Fifth Avenue,https://www.tripadvisor.com/Hotel_Review-g60763-d99391-Reviews-Courtyard_New_York_Manhattan_Fifth_Avenue-New_York_City_New_York.html,60763,907,307,4,"Free Wifi, Fitness center"
7363884,NobleDEN Hotel,https://www.tripadvisor.com/Hotel_Review-g60763-d7363884-Reviews-NobleDEN_Hotel-New_York_City_New_York.html,60763,632,308,4.5,Free Wifi
1583937,Redford Hotel,https://www.tripadvisor.com/Hotel_Review-g60763-d1583937-Reviews-Redford_Hotel-New_York_City_New_York.html,60763,26,309,3.5,"Free Wifi, Breakfast included"
2151571,Hotel Americano,https://www.tripadvisor.com/Hotel_Review-g60763-d2151571-Reviews-Hotel_Americano-New_York_City_New_York.html,60763,405,310,3.5,"Free Wifi, Pool"
1379306,The Hilton Club - New York,https://www.tripadvisor.com/Hotel_Review-g60763-d1379306-Reviews-The_Hilton_Club_New_York-New_York_City_New_York.html,60763,638,311,4.5,"Free Wifi, Restaurant"
1177864,The GEM Hotel Chelsea,https://www.tripadvisor.com/Hotel_Review-g60763-d1177864-Reviews-The_GEM_Hotel_Chelsea-New_York_City_New_York.html,60763,1,312,4,"Free Wifi, Bar/Lounge"
290987,St Marks Hotel,https://www.tripadvisor.com/Hotel_Review-g60763-d290987-Reviews-St_Marks_Hotel-New_York_City_New_York.html,60763,443,313,3.5,Free Wifi
596200,Hudson River Hotel,https://www.tripadvisor.com/Hotel_Review-g60763-d596200-Reviews-Hudson_River_Hotel-New_York_City_New_York.html,60763,679,315,3.5,"Free Wifi, Breakfast included"
8501479,Q&A Residential Hotel,https://www.tripadvisor.com/Hotel_Review-g60763-d8501479-Reviews-Q_A_Residential_Hotel-New_York_City_New_York.html,60763,456,316,4.5,"Free Wifi, Fitness center"
1486164,Fairfield Inn & Suites New York Manhattan/Fifth Avenue,https://www.tripadvisor.com/Hotel_Review-g60763-d1486164-Reviews-Fairfield_Inn_Suites_New_York_Manhattan_Fifth_Avenue-New_York_City_New_York.html,60763,612,317,4,"Free Wifi, Breakfast included"
1308397,West 57th Street by Hilton Club,https://www.tripadvisor.com/Hotel_Review-g60763-d1308397-Reviews-West_57th_Street_by_Hilton_Club-New_York_City_New_York.html,60763,1,319,4.5,"Free Wifi, Fitness center"
10131859,Even Hotel New York - Midtown East,https://www.tripadvisor.com/Hotel_Review-g60763-d10131859-Reviews-Even_Hotel_New_York_Midtown_East-New_York_City_New_York.html,60763,285,322,4.5,"Free Wifi, Restaurant"
99365,Da Vinci Hotel,https://www.tripadvisor.com/Hotel_Review-g60763-d99365-Reviews-Da_Vinci_Hotel-New_York_City_New_York.html,60763,562,323,3.5,"Free Wifi, Breakfast included"
674743,CITY ROOMS NYC SoHo,https://www.tripadvisor.com/Hotel_Review-g60763-d674743-Reviews-CITY_ROOMS_NYC_SoHo-New_York_City_New_York.html,60763,113,324,4,Free Wifi
10330604,Four Seasons Hotel New York Downtown,https://www.tripadvisor.com/Hotel_Review-g60763-d10330604-Reviews-Four_Seasons_Hotel_New_York_Downtown-New_York_City_New_York.html,60763,270,325,4.5,"Free Wifi, Pool"
1007724,The Ridge Hotel,https://www.tripadvisor.com/Hotel_Review-g60763-d1007724-Reviews-The_Ridge_Hotel-New_York_City_New_York.html,60763,397,326,4,Free Wifi
112053,The Mercer Hotel,https://www.tripadvisor.com/Hotel_Review-g60763-d112053-Reviews-The_Mercer_Hotel-New_York_City_New_York.html,60763,292,328,4.5,"Free Wifi, Restaurant"
7148761,Cassa Hotel Times Square,https://www.tripadvisor.com/Hotel_Review-g60763-d7148761-Reviews-Cassa_Hotel_Times_Square-New_York_City_New_York.html,60763,1,329,4.5,"Free Wifi, Room Service"
1027901,"Hotel Henri, A Wyndham Hotel",https://www.tripadvisor.com/Hotel_Review-g60763-d1027901-Reviews-Hotel_Henri_A_Wyndham_Hotel-New_York_City_New_York.html,60763,,,,Free Wifi
7255276,The Knickerbocker,https://www.tripadvisor.com/Hotel_Review-g60763-d7255276-Reviews-The_Knickerbocker-New_York_City_New_York.html,60763,2,332,4.5,"Free Wifi, Restaurant"
10039979,AKA Wall Street,https://www.tripadvisor.com/Hotel_Review-g60763-d10039979-Reviews-AKA_Wall_Street-New_York_City_New_York.html,60763,74,333,4.5,"Free Wifi, Restaurant"
7130807,Cambria hotel & suites New York - Chelsea,https://www.tripadvisor.com/Hotel_Review-g60763-d7130807-Reviews-Cambria_hotel_suites_New_York_Chelsea-New_York_City_New_York.html,60763,840,335,4.5,"Free Wifi, Restaurant"
8776490,The Bernic Hotel,https://www.tripadvisor.com/Hotel_Review-g60763-d8776490-Reviews-The_Bernic_Hotel-New_York_City_New_York.html,60763,171,336,4.5,"Free Wifi, Restaurant"
10533358,Carnegie Hotel,https://www.tripadvisor.com/Hotel_Review-g60763-d10533358-Reviews-Carnegie_Hotel-New_York_City_New_York.html,60763,63,337,4.5,"Free Wifi, Breakfast included"
6610567,The Marmara Park Avenue,https://www.tripadvisor.com/Hotel_Review-g60763-d6610567-Reviews-The_Marmara_Park_Avenue-New_York_City_New_York.html,60763,194,339,4.5,"Free Wifi, Pool"
8505227,Cambria Hotel & Suites - New York Times Square,https://www.tripadvisor.com/Hotel_Review-g60763-d8505227-Reviews-Cambria_Hotel_Suites_New_York_Times_Square-New_York_City_New_York.html,60763,752,340,4.5,"Free Wifi, Restaurant"
8035866,Hampton Inn Manhattan / Times Square Central,https://www.tripadvisor.com/Hotel_Review-g60763-d8035866-Reviews-Hampton_Inn_Manhattan_Times_Square_Central-New_York_City_New_York.html,60763,1,341,4.5,"Free Wifi, Breakfast included"
7787303,The New York EDITION,https://www.tripadvisor.com/Hotel_Review-g60763-d7787303-Reviews-The_New_York_EDITION-New_York_City_New_York.html,60763,1,342,4.5,"Free Wifi, Restaurant"
9761545,Courtyard New York Downtown Manhattan / World Trade Center Area,https://www.tripadvisor.com/Hotel_Review-g60763-d9761545-Reviews-Courtyard_New_York_Downtown_Manhattan_World_Trade_Center_Area-New_York_City_New_York.html,60763,173,343,4,"Free Wifi, Restaurant"
8732904,Edge Hotel,https://www.tripadvisor.com/Hotel_Review-g60763-d8732904-Reviews-Edge_Hotel-New_York_City_New_York.html,60763,253,344,4.5,"Free Wifi, Breakfast included"
10541730,Arlo NoMad,https://www.tripadvisor.com/Hotel_Review-g60763-d10541730-Reviews-Arlo_NoMad-New_York_City_New_York.html,60763,449,345,4.5,"Free Wifi, Restaurant"
7605857,Aloft Manhattan Downtown Financial District,https://www.tripadvisor.com/Hotel_Review-g60763-d7605857-Reviews-Aloft_Manhattan_Downtown_Financial_District-New_York_City_New_York.html,60763,175,346,4,"Free Wifi, Bar/Lounge"
8680787,"The Renwick Hotel New York City, Curio Collection by Hilton",https://www.tripadvisor.com/Hotel_Review-g60763-d8680787-Reviews-The_Renwick_Hotel_New_York_City_Curio_Collection_by_Hilton-New_York_City_New_York.html,60763,1,348,4.5,"Free Wifi, Restaurant"
10368723,Fairfield Inn & Suites New York Manhattan/Central Park,https://www.tripadvisor.com/Hotel_Review-g60763-d10368723-Reviews-Fairfield_Inn_Suites_New_York_Manhattan_Central_Park-New_York_City_New_York.html,60763,140,349,4,"Free Wifi, Breakfast included"
8515751,Hotel Riu Plaza New York Times Square,https://www.tripadvisor.com/Hotel_Review-g60763-d8515751-Reviews-Hotel_Riu_Plaza_New_York_Times_Square-New_York_City_New_York.html,60763,1,352,4,"Free Wifi, Restaurant"
281697,Wyndham Midtown 45,https://www.tripadvisor.com/Hotel_Review-g60763-d281697-Reviews-Wyndham_Midtown_45-New_York_City_New_York.html,60763,936,353,3.5,"Free Wifi, Fitness center"
10390915,Hyatt House New York/Chelsea,https://www.tripadvisor.com/Hotel_Review-g60763-d10390915-Reviews-Hyatt_House_New_York_Chelsea-New_York_City_New_York.html,60763,142,355,4,"Free Wifi, Breakfast included"
7891458,Arlo SoHo,https://www.tripadvisor.com/Hotel_Review-g60763-d7891458-Reviews-Arlo_SoHo-New_York_City_New_York.html,60763,550,356,4.5,"Free Wifi, Restaurant"
7816364,Executive Hotel LeSoleil,https://www.tripadvisor.com/Hotel_Review-g60763-d7816364-Reviews-Executive_Hotel_LeSoleil-New_York_City_New_York.html,60763,715,358,4.5,"Free Wifi, Room Service"
8873263,Innside New York NoMad,https://www.tripadvisor.com/Hotel_Review-g60763-d8873263-Reviews-Innside_New_York_NoMad-New_York_City_New_York.html,60763,1,359,4.5,"Free Wifi, Restaurant"
7314002,Baccarat Hotel & Residences New York,https://www.tripadvisor.com/Hotel_Review-g60763-d7314002-Reviews-Baccarat_Hotel_Residences_New_York-New_York_City_New_York.html,60763,378,360,4.5,"Free Wifi, Pool"
7939016,Orchard Street Hotel,https://www.tripadvisor.com/Hotel_Review-g60763-d7939016-Reviews-Orchard_Street_Hotel-New_York_City_New_York.html,60763,144,362,4,Free Wifi
99447,La Quinta Inn & Suites New York City Central Park,https://www.tripadvisor.com/Hotel_Review-g60763-d99447-Reviews-La_Quinta_Inn_Suites_New_York_City_Central_Park-New_York_City_New_York.html,60763,180,363,3.5,"Free Wifi, Breakfast included"
9608281,Sago Hotel,https://www.tripadvisor.com/Hotel_Review-g60763-d9608281-Reviews-Sago_Hotel-New_York_City_New_York.html,60763,71,364,4,"Free Wifi, Restaurant"
113343,Marrakech Hotel,https://www.tripadvisor.com/Hotel_Review-g60763-d113343-Reviews-Marrakech_Hotel-New_York_City_New_York.html,60763,1,365,3,Free Wifi
10846086,Four Points by Sheraton Manhattan Midtown West,https://www.tripadvisor.com/Hotel_Review-g60763-d10846086-Reviews-Four_Points_by_Sheraton_Manhattan_Midtown_West-New_York_City_New_York.html,60763,63,366,4.5,"Free Wifi, Restaurant"
1448670,Hotel Mimosa,https://www.tripadvisor.com/Hotel_Review-g60763-d1448670-Reviews-Hotel_Mimosa-New_York_City_New_York.html,60763,22,367,3.5,"Free Wifi, Room Service"
93539,Riverside Tower Hotel,https://www.tripadvisor.com/Hotel_Review-g60763-d93539-Reviews-Riverside_Tower_Hotel-New_York_City_New_York.html,60763,653,368,3,Free Wifi
1164645,Eurostars Wall Street,https://www.tripadvisor.com/Hotel_Review-g60763-d1164645-Reviews-Eurostars_Wall_Street-New_York_City_New_York.html,60763,279,369,3.5,"Free Wifi, Room Service"
93470,NH New York Jolly Madison Towers,https://www.tripadvisor.com/Hotel_Review-g60763-d93470-Reviews-NH_New_York_Jolly_Madison_Towers-New_York_City_New_York.html,60763,2,370,3.5,Bar/Lounge
99357,Mayfair Hotel,https://www.tripadvisor.com/Hotel_Review-g60763-d99357-Reviews-Mayfair_Hotel-New_York_City_New_York.html,60763,903,371,3.5,"Free Wifi, Restaurant"
112066,W New York,https://www.tripadvisor.com/Hotel_Review-g60763-d112066-Reviews-W_New_York-New_York_City_New_York.html,60763,4,372,3.5,"Pool, Restaurant"
75711,The Gallivant Times Square,https://www.tripadvisor.com/Hotel_Review-g60763-d75711-Reviews-The_Gallivant_Times_Square-New_York_City_New_York.html,60763,1,373,3.5,"Free Wifi, Restaurant"
11236004,Doubletree by Hilton New York Times Square West,https://www.tripadvisor.com/Hotel_Review-g60763-d11236004-Reviews-Doubletree_by_Hilton_New_York_Times_Square_West-New_York_City_New_York.html,60763,477,374,3.5,"Free Wifi, Restaurant"
80081,Chelsea Inn - 17th Street,https://www.tripadvisor.com/Hotel_Review-g60763-d80081-Reviews-Chelsea_Inn_17th_Street-New_York_City_New_York.html,60763,129,375,3,Free Wifi
7595213,Four Points by Sheraton New York Downtown,https://www.tripadvisor.com/Hotel_Review-g60763-d7595213-Reviews-Four_Points_by_Sheraton_New_York_Downtown-New_York_City_New_York.html,60763,207,376,4,"Free Wifi, Restaurant"
235228,Magnuson Convention Center Hotel,https://www.tripadvisor.com/Hotel_Review-g60763-d235228-Reviews-Magnuson_Convention_Center_Hotel-New_York_City_New_York.html,60763,790,377,3.5,"Free Wifi, Breakfast included"
142114,Days Inn Hotel New York City-Broadway,https://www.tripadvisor.com/Hotel_Review-g60763-d142114-Reviews-Days_Inn_Hotel_New_York_City_Broadway-New_York_City_New_York.html,60763,1,378,3,"Room Service, Free Internet"
12076837,Hotel Henri,https://www.tripadvisor.com/Hotel_Review-g60763-d12076837-Reviews-Hotel_Henri-New_York_City_New_York.html,60763,2,379,3.5,"Free Wifi, Room Service"
1155229,Royal Park Hotel,https://www.tripadvisor.com/Hotel_Review-g60763-d1155229-Reviews-Royal_Park_Hotel-New_York_City_New_York.html,60763,634,380,3,Free Wifi
122007,Manhattan Broadway Hotel,https://www.tripadvisor.com/Hotel_Review-g60763-d122007-Reviews-Manhattan_Broadway_Hotel-New_York_City_New_York.html,60763,677,381,2.5,
93581,The Inn at Irving Place,https://www.tripadvisor.com/Hotel_Review-g60763-d93581-Reviews-The_Inn_at_Irving_Place-New_York_City_New_York.html,60763,90,383,4,"Free Wifi, Breakfast included"
93357,Park Savoy,https://www.tripadvisor.com/Hotel_Review-g60763-d93357-Reviews-Park_Savoy-New_York_City_New_York.html,60763,635,384,3,
224217,Clarion Hotel Park Avenue,https://www.tripadvisor.com/Hotel_Review-g60763-d224217-Reviews-Clarion_Hotel_Park_Avenue-New_York_City_New_York.html,60763,440,385,3.5,"Free Wifi, Breakfast included"
12533513,PUBLIC,https://www.tripadvisor.com/Hotel_Review-g60763-d12533513-Reviews-PUBLIC-New_York_City_New_York.html,60763,34,386,4,"Free Wifi, Restaurant"
12197432,The James New York-NoMad,https://www.tripadvisor.com/Hotel_Review-g60763-d12197432-Reviews-The_James_New_York_NoMad-New_York_City_New_York.html,60763,28,387,3.5,"Free Wifi, Restaurant"
99443,Astor on the Park,https://www.tripadvisor.com/Hotel_Review-g60763-d99443-Reviews-Astor_on_the_Park-New_York_City_New_York.html,60763,1,388,3.5,
10846801,The Whitby Hotel,https://www.tripadvisor.com/Hotel_Review-g60763-d10846801-Reviews-The_Whitby_Hotel-New_York_City_New_York.html,60763,22,389,4.5,"Restaurant, Room Service"
8722421,U.S. Pacific Hotel,https://www.tripadvisor.com/Hotel_Review-g60763-d8722421-Reviews-U_S_Pacific_Hotel-New_York_City_New_York.html,60763,44,390,2.5,Free Internet
214197,Hotel Pennsylvania New York,https://www.tripadvisor.com/Hotel_Review-g60763-d214197-Reviews-Hotel_Pennsylvania_New_York-New_York_City_New_York.html,60763,4,391,2.5,Bar/Lounge
267182,Windsor Hotel,https://www.tripadvisor.com/Hotel_Review-g60763-d267182-Reviews-Windsor_Hotel-New_York_City_New_York.html,60763,246,392,2.5,Free Wifi
6701149,Manhattan West Hotel,https://www.tripadvisor.com/Hotel_Review-g60763-d6701149-Reviews-Manhattan_West_Hotel-New_York_City_New_York.html,60763,112,393,3,Free Wifi
267183,World Hotel,https://www.tripadvisor.com/Hotel_Review-g60763-d267183-Reviews-World_Hotel-New_York_City_New_York.html,60763,365,394,1.5,Free Internet
208888,Riff Chelsea,https://www.tripadvisor.com/Hotel_Review-g60763-d208888-Reviews-Riff_Chelsea-New_York_City_New_York.html,60763,225,395,3,Free Wifi
249710,Morningside Inn,https://www.tripadvisor.com/Hotel_Review-g60763-d249710-Reviews-Morningside_Inn-New_York_City_New_York.html,60763,842,396,3,Free Internet
93618,Waldorf Astoria New York,https://www.tripadvisor.com/Hotel_Review-g60763-d93618-Reviews-Waldorf_Astoria_New_York-New_York_City_New_York.html,60763,11,397,4,"Restaurant, Room Service"
3533197,Hyatt Union Square New York,https://www.tripadvisor.com/Hotel_Review-g60763-d3533197-Reviews-Hyatt_Union_Square_New_York-New_York_City_New_York.html,60763,1,398,4.5,"Free Wifi, Restaurant"
3506933,Howard Johnson Manhattan Soho,https://www.tripadvisor.com/Hotel_Review-g60763-d3506933-Reviews-Howard_Johnson_Manhattan_Soho-New_York_City_New_York.html,60763,675,399,4,"Free Wifi, Breakfast included"
122004,Phillips Club,https://www.tripadvisor.com/Hotel_Review-g60763-d122004-Reviews-Phillips_Club-New_York_City_New_York.html,60763,88,400,4.5,"Free Wifi, Pool"
112041,Larchmont Hotel,https://www.tripadvisor.com/Hotel_Review-g60763-d112041-Reviews-Larchmont_Hotel-New_York_City_New_York.html,60763,496,401,4,"Free Wifi, Breakfast included"
1146072,Oakwood at 6th Avenue,https://www.tripadvisor.com/Hotel_Review-g60763-d1146072-Reviews-Oakwood_at_6th_Avenue-New_York_City_New_York.html,60763,59,402,4.5,"Free Wifi, Fitness center"
1477775,The MAve Hotel,https://www.tripadvisor.com/Hotel_Review-g60763-d1477775-Reviews-The_MAve_Hotel-New_York_City_New_York.html,60763,955,403,4,Free Wifi
75698,BEST WESTERN PLUS Seaport Inn Downtown,https://www.tripadvisor.com/Hotel_Review-g60763-d75698-Reviews-BEST_WESTERN_PLUS_Seaport_Inn_Downtown-New_York_City_New_York.html,60763,972,404,4,"Free Wifi, Breakfast included"
655870,Lafayette House,https://www.tripadvisor.com/Hotel_Review-g60763-d655870-Reviews-Lafayette_House-New_York_City_New_York.html,60763,47,405,4.5,"Free Wifi, Room Service"
93379,Hotel 17,https://www.tripadvisor.com/Hotel_Review-g60763-d93379-Reviews-Hotel_17-New_York_City_New_York.html,60763,1,406,4,Free Wifi
12199886,Hilton Garden Inn New York Times Square South,https://www.tripadvisor.com/Hotel_Review-g60763-d12199886-Reviews-Hilton_Garden_Inn_New_York_Times_Square_South-New_York_City_New_York.html,60763,,,,"Free Wifi, Restaurant"
12297961,Hilton Garden Inn NYC Financial Center/Manhattan Downtown,https://www.tripadvisor.com/Hotel_Review-g60763-d12297961-Reviews-Hilton_Garden_Inn_NYC_Financial_Center_Manhattan_Downtown-New_York_City_New_York.html,60763,,,,"Free Wifi, Restaurant"
1207461,Saint Nicholas Inn,https://www.tripadvisor.com/Hotel_Review-g60763-d1207461-Reviews-Saint_Nicholas_Inn-New_York_City_New_York.html,60763,88,409,4,"Free Wifi, Breakfast included"
10751680,Hotel Richland New York,https://www.tripadvisor.com/Hotel_Review-g60763-d10751680-Reviews-Hotel_Richland_New_York-New_York_City_New_York.html,60763,31,410,4.5,Free Wifi
11998087,Embassy Suites by Hilton New York Midtown Manhattan,https://www.tripadvisor.com/Hotel_Review-g60763-d11998087-Reviews-Embassy_Suites_by_Hilton_New_York_Midtown_Manhattan-New_York_City_New_York.html,60763,,,,"Free Wifi, Breakfast included"
12301470,Moxy NYC Times Square,https://www.tripadvisor.com/Hotel_Review-g60763-d12301470-Reviews-Moxy_NYC_Times_Square-New_York_City_New_York.html,60763,,,,"Free Wifi, Restaurant"
93418,Bristol Plaza,https://www.tripadvisor.com/Hotel_Review-g60763-d93418-Reviews-Bristol_Plaza-New_York_City_New_York.html,60763,7,413,5,"Free Wifi, Pool"
1165409,Hotel Delmonico,https://www.tripadvisor.com/Hotel_Review-g60763-d1165409-Reviews-Hotel_Delmonico-New_York_City_New_York.html,60763,1,414,5,"Restaurant, Room Service"
12708178,U Hotel,https://www.tripadvisor.com/Hotel_Review-g60763-d12708178-Reviews-U_Hotel-New_York_City_New_York.html,60763,1,415,5,
1164614,Third Ave House,https://www.tripadvisor.com/Hotel_Review-g60763-d1164614-Reviews-Third_Ave_House-New_York_City_New_York.html,60763,4,416,3.5,
1147661,National at Park Towers,https://www.tripadvisor.com/Hotel_Review-g60763-d1147661-Reviews-National_at_Park_Towers-New_York_City_New_York.html,60763,2,417,3,
7196011,Comfort Inn Sunset Park / Park Slope,https://www.tripadvisor.com/Hotel_Review-g60763-d7196011-Reviews-Comfort_Inn_Sunset_Park_Park_Slope-New_York_City_New_York.html,60763,35,418,4,"Free Parking, Free Internet"
11854022,Crowne Plaza HY36 Midtown Manhattan,https://www.tripadvisor.com/Hotel_Review-g60763-d11854022-Reviews-Crowne_Plaza_HY36_Midtown_Manhattan-New_York_City_New_York.html,60763,,,,"Free Wifi, Restaurant"
8530894,Hotel Cliff,https://www.tripadvisor.com/Hotel_Review-g60763-d8530894-Reviews-Hotel_Cliff-New_York_City_New_York.html,60763,9,420,2.5,"Free Wifi, Free Parking"
1175436,Hotel Olcott,https://www.tripadvisor.com/Hotel_Review-g60763-d1175436-Reviews-Hotel_Olcott-New_York_City_New_York.html,60763,3,421,4,Room Service
121985,Downtown Athletic Center,https://www.tripadvisor.com/Hotel_Review-g60763-d121985-Reviews-Downtown_Athletic_Center-New_York_City_New_York.html,60763,3,422,4.5,
7316142,Courtyard,https://www.tripadvisor.com/Hotel_Review-g60763-d7316142-Reviews-Courtyard-New_York_City_New_York.html,60763,3,423,4,
235236,Oakwood Cosmopolitan,https://www.tripadvisor.com/Hotel_Review-g60763-d235236-Reviews-Oakwood_Cosmopolitan-New_York_City_New_York.html,60763,1,424,4,
1199940,East Bridge,https://www.tripadvisor.com/Hotel_Review-g60763-d1199940-Reviews-East_Bridge-New_York_City_New_York.html,60763,1,425,4,Fitness center
616735,The Grant Hotel,https://www.tripadvisor.com/Hotel_Review-g60763-d616735-Reviews-The_Grant_Hotel-New_York_City_New_York.html,60763,42,426,3,
651216,Beekman Apartments,https://www.tripadvisor.com/Hotel_Review-g60763-d651216-Reviews-Beekman_Apartments-New_York_City_New_York.html,60763,17,427,3,
254281,"A Hospitality Company, Inc.",https://www.tripadvisor.com/Hotel_Review-g60763-d254281-Reviews-A_Hospitality_Company_Inc-New_York_City_New_York.html,60763,5,428,3,
247982,Oxbridge Apts Gramecy Park,https://www.tripadvisor.com/Hotel_Review-g60763-d247982-Reviews-Oxbridge_Apts_Gramecy_Park-New_York_City_New_York.html,60763,1,429,3,
1529345,Beacon Light Motel,https://www.tripadvisor.com/Hotel_Review-g60763-d1529345-Reviews-Beacon_Light_Motel-New_York_City_New_York.html,60763,1,430,3,
557499,Mount Royal Hotel & Hostel,https://www.tripadvisor.com/Hotel_Review-g60763-d557499-Reviews-Mount_Royal_Hotel_Hostel-New_York_City_New_York.html,60763,64,431,2,Free Internet
320562,YourStay MidTown Apartments,https://www.tripadvisor.com/Hotel_Review-g60763-d320562-Reviews-YourStay_MidTown_Apartments-New_York_City_New_York.html,60763,52,432,3,Fitness center
1547031,Signature Properties,https://www.tripadvisor.com/Hotel_Review-g60763-d1547031-Reviews-Signature_Properties-New_York_City_New_York.html,60763,3,433,2,
1177257,Wall Street District Hotel,https://www.tripadvisor.com/Hotel_Review-g60763-d1177257-Reviews-Wall_Street_District_Hotel-New_York_City_New_York.html,60763,2,434,2,
93572,The Dorset,https://www.tripadvisor.com/Hotel_Review-g60763-d93572-Reviews-The_Dorset-New_York_City_New_York.html,60763,2,435,2,
1990870,Elk Hotel,https://www.tripadvisor.com/Hotel_Review-g60763-d1990870-Reviews-Elk_Hotel-New_York_City_New_York.html,60763,4,436,2.5,
284904,Senton Hotel,https://www.tripadvisor.com/Hotel_Review-g60763-d284904-Reviews-Senton_Hotel-New_York_City_New_York.html,60763,22,437,1.5,"Free Wifi, Bar/Lounge"
12695463,AC Hotel Times Square,https://www.tripadvisor.com/Hotel_Review-g60763-d12695463-Reviews-AC_Hotel_Times_Square-New_York_City_New_York.html,60763,,,,"Restaurant, Bar/Lounge"
224225,Broadway Tower,https://www.tripadvisor.com/Hotel_Review-g60763-d224225-Reviews-Broadway_Tower-New_York_City_New_York.html,60763,,,,
671822,John Street Suites By Aba,https://www.tripadvisor.com/Hotel_Review-g60763-d671822-Reviews-John_Street_Suites_By_Aba-New_York_City_New_York.html,60763,,,,
1203394,Lafayette International Guesthouse,https://www.tripadvisor.com/Hotel_Review-g60763-d1203394-Reviews-Lafayette_International_Guesthouse-New_York_City_New_York.html,60763,,,,
1146129,National at the Metropolis,https://www.tripadvisor.com/Hotel_Review-g60763-d1146129-Reviews-National_at_the_Metropolis-New_York_City_New_York.html,60763,,,,"Restaurant, Room Service"
1146278,Oakwood at West 53rd,https://www.tripadvisor.com/Hotel_Review-g60763-d1146278-Reviews-Oakwood_at_West_53rd-New_York_City_New_York.html,60763,,,,Breakfast included
235235,Oakwood Bridge Tower Place,https://www.tripadvisor.com/Hotel_Review-g60763-d235235-Reviews-Oakwood_Bridge_Tower_Place-New_York_City_New_York.html,60763,,,,
234765,Oakwood Ocean At 1 West Street,https://www.tripadvisor.com/Hotel_Review-g60763-d234765-Reviews-Oakwood_Ocean_At_1_West_Street-New_York_City_New_York.html,60763,,,,"Pool, Fitness center"
234766,Oakwood Sonoma,https://www.tripadvisor.com/Hotel_Review-g60763-d234766-Reviews-Oakwood_Sonoma-New_York_City_New_York.html,60763,,,,"Pool, Room Service"
646442,Signature Suites The Sullivan Suites,https://www.tripadvisor.com/Hotel_Review-g60763-d646442-Reviews-Signature_Suites_The_Sullivan_Suites-New_York_City_New_York.html,60763,,,,Bar/Lounge
80092,Inn New York City,https://www.tripadvisor.com/Hotel_Review-g60763-d80092-Reviews-Inn_New_York_City-New_York_City_New_York.html,60763,279,448,5,"Free Wifi, Breakfast included"
1733337,Sutton Court Hotel Residences,https://www.tripadvisor.com/Hotel_Review-g60763-d1733337-Reviews-Sutton_Court_Hotel_Residences-New_York_City_New_York.html,60763,61,449,4.5,"Free Wifi, Fitness center"
313862,Soho House New York,https://www.tripadvisor.com/Hotel_Review-g60763-d313862-Reviews-Soho_House_New_York-New_York_City_New_York.html,60763,253,450,4.5,"Free Wifi, Pool"
93338,Hotel Beacon,https://www.tripadvisor.com/Hotel_Review-g60763-d93338-Reviews-Hotel_Beacon-New_York_City_New_York.html,60763,3,8,4.5,"Free Wifi, Bar/Lounge"
262330,Millennium Hilton New York Downtown,https://www.tripadvisor.com/Hotel_Review-g60763-d262330-Reviews-Millennium_Hilton_New_York_Downtown-New_York_City_New_York.html,60763,4,9,4,"Pool, Restaurant"
93462,InterContinental New York Barclay,https://www.tripadvisor.com/Hotel_Review-g60763-d93462-Reviews-InterContinental_New_York_Barclay-New_York_City_New_York.html,60763,996,10,4.5,"Free Wifi, Restaurant"
4799063,Hyatt Centric Times Square New York,https://www.tripadvisor.com/Hotel_Review-g60763-d4799063-Reviews-Hyatt_Centric_Times_Square_New_York-New_York_City_New_York.html,60763,3,11,4.5,"Free Wifi, Restaurant"
112064,Warwick New York,https://www.tripadvisor.com/Hotel_Review-g60763-d112064-Reviews-Warwick_New_York-New_York_City_New_York.html,60763,4,13,4.5,"Free Wifi, Restaurant"
93486,Millennium Broadway New York Times Square,https://www.tripadvisor.com/Hotel_Review-g60763-d93486-Reviews-Millennium_Broadway_New_York_Times_Square-New_York_City_New_York.html,60763,5,16,4,"Restaurant, Room Service"
518280,Room Mate Grace,https://www.tripadvisor.com/Hotel_Review-g60763-d518280-Reviews-Room_Mate_Grace-New_York_City_New_York.html,60763,932,17,4.5,"Free Wifi, Pool"
224214,The Bryant Park Hotel,https://www.tripadvisor.com/Hotel_Review-g60763-d224214-Reviews-The_Bryant_Park_Hotel-New_York_City_New_York.html,60763,3,19,4.5,"Free Wifi, Restaurant"
126260,Lotte New York Palace,https://www.tripadvisor.com/Hotel_Review-g60763-d126260-Reviews-Lotte_New_York_Palace-New_York_City_New_York.html,60763,3,20,4.5,"Room Service, Bar/Lounge"
93466,Doubletree Hotel Metropolitan - New York City,https://www.tripadvisor.com/Hotel_Review-g60763-d93466-Reviews-Doubletree_Hotel_Metropolitan_New_York_City-New_York_City_New_York.html,60763,4,21,3.5,"Restaurant, Room Service"
93589,The Michelangelo Hotel,https://www.tripadvisor.com/Hotel_Review-g60763-d93589-Reviews-The_Michelangelo_Hotel-New_York_City_New_York.html,60763,3,27,4.5,"Free Wifi, Room Service"
601762,Blue Moon Hotel,https://www.tripadvisor.com/Hotel_Review-g60763-d601762-Reviews-Blue_Moon_Hotel-New_York_City_New_York.html,60763,532,29,4,"Free Wifi, Breakfast included"
93358,Pod 51 Hotel,https://www.tripadvisor.com/Hotel_Review-g60763-d93358-Reviews-Pod_51_Hotel-New_York_City_New_York.html,60763,4,30,4,"Free Wifi, Bar/Lounge"
99387,Avalon Hotel,https://www.tripadvisor.com/Hotel_Review-g60763-d99387-Reviews-Avalon_Hotel-New_York_City_New_York.html,60763,1,61,4.5,"Free Wifi, Fitness center"
122014,"Gild Hall, a Thompson Hotel",https://www.tripadvisor.com/Hotel_Review-g60763-d122014-Reviews-Gild_Hall_a_Thompson_Hotel-New_York_City_New_York.html,60763,1,62,4.5,"Free Wifi, Restaurant"
2173604,Dream Downtown,https://www.tripadvisor.com/Hotel_Review-g60763-d2173604-Reviews-Dream_Downtown-New_York_City_New_York.html,60763,3,63,4.5,"Free Wifi, Pool"
6407567,Hilton Garden Inn New York - Times Square Central,https://www.tripadvisor.com/Hotel_Review-g60763-d6407567-Reviews-Hilton_Garden_Inn_New_York_Times_Square_Central-New_York_City_New_York.html,60763,1,64,4,"Free Wifi, Restaurant"
93390,Hotel Belleclaire,https://www.tripadvisor.com/Hotel_Review-g60763-d93390-Reviews-Hotel_Belleclaire-New_York_City_New_York.html,60763,3,65,4,"Free Wifi, Fitness center"
93603,"The Pierre, A Taj Hotel, New York",https://www.tripadvisor.com/Hotel_Review-g60763-d93603-Reviews-The_Pierre_A_Taj_Hotel_New_York-New_York_City_New_York.html,60763,1,68,4.5,"Free Wifi, Restaurant"
208452,Conrad New York,https://www.tripadvisor.com/Hotel_Review-g60763-d208452-Reviews-Conrad_New_York-New_York_City_New_York.html,60763,3,69,4.5,"Free Wifi, Restaurant"
3580899,Hampton Inn Manhattan / Downtown - Financial District,https://www.tripadvisor.com/Hotel_Review-g60763-d3580899-Reviews-Hampton_Inn_Manhattan_Downtown_Financial_District-New_York_City_New_York.html,60763,543,71,4,"Free Wifi, Breakfast included"
6201200,The Lex NYC,https://www.tripadvisor.com/Hotel_Review-g60763-d6201200-Reviews-The_Lex_NYC-New_York_City_New_York.html,60763,667,73,4.5,"Free Wifi, Breakfast included"
1149404,Doubletree By Hilton - Times Square South,https://www.tripadvisor.com/Hotel_Review-g60763-d1149404-Reviews-Doubletree_By_Hilton_Times_Square_South-New_York_City_New_York.html,60763,1,74,4,"Free Wifi, Restaurant"
3344640,Refinery Hotel,https://www.tripadvisor.com/Hotel_Review-g60763-d3344640-Reviews-Refinery_Hotel-New_York_City_New_York.html,60763,4,78,4.5,"Free Wifi, Restaurant"
7014966,Holiday Inn Manhattan - Financial District,https://www.tripadvisor.com/Hotel_Review-g60763-d7014966-Reviews-Holiday_Inn_Manhattan_Financial_District-New_York_City_New_York.html,60763,1,79,4,"Free Wifi, Restaurant"
1181739,The Jane,https://www.tripadvisor.com/Hotel_Review-g60763-d1181739-Reviews-The_Jane-New_York_City_New_York.html,60763,1,80,4,"Free Wifi, Restaurant"
113300,Omni Berkshire Place,https://www.tripadvisor.com/Hotel_Review-g60763-d113300-Reviews-Omni_Berkshire_Place-New_York_City_New_York.html,60763,3,81,4.5,"Restaurant, Room Service"
99327,Fitzpatrick Grand Central Hotel,https://www.tripadvisor.com/Hotel_Review-g60763-d99327-Reviews-Fitzpatrick_Grand_Central_Hotel-New_York_City_New_York.html,60763,2,82,4.5,"Restaurant, Room Service"
93607,Loews Regency New York Hotel,https://www.tripadvisor.com/Hotel_Review-g60763-d93607-Reviews-Loews_Regency_New_York_Hotel-New_York_City_New_York.html,60763,1,85,4.5,"Free Wifi, Restaurant"
4945551,WestHouse Hotel New York,https://www.tripadvisor.com/Hotel_Review-g60763-d4945551-Reviews-WestHouse_Hotel_New_York-New_York_City_New_York.html,60763,1,87,4.5,"Free Wifi, Breakfast included"
93382,Washington Square Hotel,https://www.tripadvisor.com/Hotel_Review-g60763-d93382-Reviews-Washington_Square_Hotel-New_York_City_New_York.html,60763,1,88,4,"Free Wifi, Breakfast included"
121991,Seton Hotel,https://www.tripadvisor.com/Hotel_Review-g60763-d121991-Reviews-Seton_Hotel-New_York_City_New_York.html,60763,790,90,4,Free Wifi
93335,The Kimberly Hotel,https://www.tripadvisor.com/Hotel_Review-g60763-d93335-Reviews-The_Kimberly_Hotel-New_York_City_New_York.html,60763,1,106,4.5,"Restaurant, Room Service"
1186070,"Marriott Vacation Club Pulse, New York City",https://www.tripadvisor.com/Hotel_Review-g60763-d1186070-Reviews-Marriott_Vacation_Club_Pulse_New_York_City-New_York_City_New_York.html,60763,2,108,4.5,"Free Wifi, Restaurant"
93334,Excelsior Hotel,https://www.tripadvisor.com/Hotel_Review-g60763-d93334-Reviews-Excelsior_Hotel-New_York_City_New_York.html,60763,2,112,4,"Restaurant, Room Service"
1500405,Hampton Inn Manhattan/Times Square South,https://www.tripadvisor.com/Hotel_Review-g60763-d1500405-Reviews-Hampton_Inn_Manhattan_Times_Square_South-New_York_City_New_York.html,60763,2,113,4,"Free Wifi, Breakfast included"
93566,The Surrey,https://www.tripadvisor.com/Hotel_Review-g60763-d93566-Reviews-The_Surrey-New_York_City_New_York.html,60763,1,118,4.5,"Free Wifi, Restaurant"
3572583,Holiday Inn Express New York - Manhattan West Side,https://www.tripadvisor.com/Hotel_Review-g60763-d3572583-Reviews-Holiday_Inn_Express_New_York_Manhattan_West_Side-New_York_City_New_York.html,60763,1,181,4,"Free Wifi, Breakfast included"
3236642,Holiday Inn NYC - Lower East Side,https://www.tripadvisor.com/Hotel_Review-g60763-d3236642-Reviews-Holiday_Inn_NYC_Lower_East_Side-New_York_City_New_York.html,60763,708,182,4,"Free Wifi, Restaurant"
80112,San Carlos Hotel,https://www.tripadvisor.com/Hotel_Review-g60763-d80112-Reviews-San_Carlos_Hotel-New_York_City_New_York.html,60763,1,183,4.5,"Free Wifi, Breakfast included"
93337,Kitano New York,https://www.tripadvisor.com/Hotel_Review-g60763-d93337-Reviews-Kitano_New_York-New_York_City_New_York.html,60763,1,186,4.5,"Free Wifi, Restaurant"
4972409,The Marlton Hotel,https://www.tripadvisor.com/Hotel_Review-g60763-d4972409-Reviews-The_Marlton_Hotel-New_York_City_New_York.html,60763,596,187,4.5,"Free Wifi, Restaurant"
4283443,The High Line Hotel,https://www.tripadvisor.com/Hotel_Review-g60763-d4283443-Reviews-The_High_Line_Hotel-New_York_City_New_York.html,60763,616,188,4.5,"Free Wifi, Bar/Lounge"
673080,Holiday Inn NYC - Manhattan 6th Avenue - Chelsea,https://www.tripadvisor.com/Hotel_Review-g60763-d673080-Reviews-Holiday_Inn_NYC_Manhattan_6th_Avenue_Chelsea-New_York_City_New_York.html,60763,1,189,3.5,"Free Wifi, Restaurant"
632551,Hilton Garden Inn New York/Tribeca,https://www.tripadvisor.com/Hotel_Review-g60763-d632551-Reviews-Hilton_Garden_Inn_New_York_Tribeca-New_York_City_New_York.html,60763,1,191,4,"Free Wifi, Restaurant"
6727310,The Ludlow New York City,https://www.tripadvisor.com/Hotel_Review-g60763-d6727310-Reviews-The_Ludlow_New_York_City-New_York_City_New_York.html,60763,649,192,4.5,"Free Wifi, Restaurant"
1641016,"The Chatwal, A Luxury Collection Hotel, New York",https://www.tripadvisor.com/Hotel_Review-g60763-d1641016-Reviews-The_Chatwal_A_Luxury_Collection_Hotel_New_York-New_York_City_New_York.html,60763,1,193,4.5,"Free Wifi, Pool"
2643161,The NoMad Hotel,https://www.tripadvisor.com/Hotel_Review-g60763-d2643161-Reviews-The_NoMad_Hotel-New_York_City_New_York.html,60763,825,194,4.5,"Free Wifi, Restaurant"
93419,"The Carlyle, A Rosewood Hotel",https://www.tripadvisor.com/Hotel_Review-g60763-d93419-Reviews-The_Carlyle_A_Rosewood_Hotel-New_York_City_New_York.html,60763,781,195,4.5,"Free Wifi, Restaurant"
6510520,Hilton Garden Inn New York/Midtown Park Ave,https://www.tripadvisor.com/Hotel_Review-g60763-d6510520-Reviews-Hilton_Garden_Inn_New_York_Midtown_Park_Ave-New_York_City_New_York.html,60763,1,196,4.5,"Free Wifi, Bar/Lounge"
2439732,The Out NYC,https://www.tripadvisor.com/Hotel_Review-g60763-d2439732-Reviews-The_Out_NYC-New_York_City_New_York.html,60763,1,198,4,"Free Wifi, Restaurant"
1783324,Sheraton Tribeca New York Hotel,https://www.tripadvisor.com/Hotel_Review-g60763-d1783324-Reviews-Sheraton_Tribeca_New_York_Hotel-New_York_City_New_York.html,60763,1,199,4,"Free Wifi, Restaurant"
641209,Hilton Garden Inn New York/Manhattan-Chelsea,https://www.tripadvisor.com/Hotel_Review-g60763-d641209-Reviews-Hilton_Garden_Inn_New_York_Manhattan_Chelsea-New_York_City_New_York.html,60763,2,200,4,"Free Wifi, Restaurant"
3529145,Holiday Inn Express Manhattan Times Square South,https://www.tripadvisor.com/Hotel_Review-g60763-d3529145-Reviews-Holiday_Inn_Express_Manhattan_Times_Square_South-New_York_City_New_York.html,60763,1,201,4.5,"Free Wifi, Breakfast included"
7182804,Residence Inn New York Downtown Manhattan/World Trade Center Area,https://www.tripadvisor.com/Hotel_Review-g60763-d7182804-Reviews-Residence_Inn_New_York_Downtown_Manhattan_World_Trade_Center_Area-New_York_City_New_Yor.html,60763,632,205,4.5,"Free Wifi, Breakfast included"
571166,Gramercy Park Hotel,https://www.tripadvisor.com/Hotel_Review-g60763-d571166-Reviews-Gramercy_Park_Hotel-New_York_City_New_York.html,60763,1,208,4.5,"Free Wifi, Restaurant"
113311,The Peninsula New York,https://www.tripadvisor.com/Hotel_Review-g60763-d113311-Reviews-The_Peninsula_New_York-New_York_City_New_York.html,60763,1,209,4.5,"Free Wifi, Pool"
5039880,Courtyard New York Manhattan/Chelsea,https://www.tripadvisor.com/Hotel_Review-g60763-d5039880-Reviews-Courtyard_New_York_Manhattan_Chelsea-New_York_City_New_York.html,60763,841,210,4.5,"Free Wifi, Fitness center"
805827,AKA Central Park,https://www.tripadvisor.com/Hotel_Review-g60763-d805827-Reviews-AKA_Central_Park-New_York_City_New_York.html,60763,441,211,4.5,"Free Wifi, Restaurant"
93585,Lowell Hotel,https://www.tripadvisor.com/Hotel_Review-g60763-d93585-Reviews-Lowell_Hotel-New_York_City_New_York.html,60763,300,212,4.5,"Free Wifi, Restaurant"
93583,The Lombardy Hotel,https://www.tripadvisor.com/Hotel_Review-g60763-d93583-Reviews-The_Lombardy_Hotel-New_York_City_New_York.html,60763,457,213,4,"Free Wifi, Breakfast included"
93452,Life Hotel,https://www.tripadvisor.com/Hotel_Review-g60763-d93452-Reviews-Life_Hotel-New_York_City_New_York.html,60763,1,214,4,Free Wifi
220243,W New York - Union Square,https://www.tripadvisor.com/Hotel_Review-g60763-d220243-Reviews-W_New_York_Union_Square-New_York_City_New_York.html,60763,1,215,4,"Free Wifi, Restaurant"
112052,The Mark,https://www.tripadvisor.com/Hotel_Review-g60763-d112052-Reviews-The_Mark-New_York_City_New_York.html,60763,725,220,4.5,"Free Wifi, Restaurant"
498869,Hampton Inn Manhattan - Madison Square Garden Area,https://www.tripadvisor.com/Hotel_Review-g60763-d498869-Reviews-Hampton_Inn_Manhattan_Madison_Square_Garden_Area-New_York_City_New_York.html,60763,1,222,4,"Free Wifi, Breakfast included"
4274398,Courtyard New York Manhattan/Times Square West,https://www.tripadvisor.com/Hotel_Review-g60763-d4274398-Reviews-Courtyard_New_York_Manhattan_Times_Square_West-New_York_City_New_York.html,60763,1,226,4.5,"Free Wifi, Restaurant"
1139717,Holiday Inn Express New York City Times Square,https://www.tripadvisor.com/Hotel_Review-g60763-d1139717-Reviews-Holiday_Inn_Express_New_York_City_Times_Square-New_York_City_New_York.html,60763,2,227,4,"Free Wifi, Breakfast included"
1157456,Four Points by Sheraton Manhattan SoHo Village,https://www.tripadvisor.com/Hotel_Review-g60763-d1157456-Reviews-Four_Points_by_Sheraton_Manhattan_SoHo_Village-New_York_City_New_York.html,60763,936,228,4,"Free Wifi, Restaurant"
1025779,Candlewood Suites New York City Times Square,https://www.tripadvisor.com/Hotel_Review-g60763-d1025779-Reviews-Candlewood_Suites_New_York_City_Times_Square-New_York_City_New_York.html,60763,1,229,4,"Free Wifi, Fitness center"
1949647,Fairfield Inn & Suites New York Manhattan/Chelsea,https://www.tripadvisor.com/Hotel_Review-g60763-d1949647-Reviews-Fairfield_Inn_Suites_New_York_Manhattan_Chelsea-New_York_City_New_York.html,60763,821,230,4.5,"Free Wifi, Breakfast included"
1465008,Holiday Inn Express New York City-Wall Street,https://www.tripadvisor.com/Hotel_Review-g60763-d1465008-Reviews-Holiday_Inn_Express_New_York_City_Wall_Street-New_York_City_New_York.html,60763,506,231,4,"Free Wifi, Breakfast included"
1462005,W New York - Downtown,https://www.tripadvisor.com/Hotel_Review-g60763-d1462005-Reviews-W_New_York_Downtown-New_York_City_New_York.html,60763,1,232,4,"Restaurant, Room Service"
584986,Hotel Central Fifth Avenue New York,https://www.tripadvisor.com/Hotel_Review-g60763-d584986-Reviews-Hotel_Central_Fifth_Avenue_New_York-New_York_City_New_York.html,60763,1,233,4,"Free Wifi, Breakfast included"
1390172,Fairfield Inn & Suites New York Manhattan/Times Square,https://www.tripadvisor.com/Hotel_Review-g60763-d1390172-Reviews-Fairfield_Inn_Suites_New_York_Manhattan_Times_Square-New_York_City_New_York.html,60763,1,234,4,"Free Wifi, Breakfast included"
99389,The Evelyn,https://www.tripadvisor.com/Hotel_Review-g60763-d99389-Reviews-The_Evelyn-New_York_City_New_York.html,60763,2,235,4,"Free Wifi, Fitness center"
223021,"Club Quarters Hotel, Midtown",https://www.tripadvisor.com/Hotel_Review-g60763-d223021-Reviews-Club_Quarters_Hotel_Midtown-New_York_City_New_York.html,60763,1,236,4,"Free Wifi, Restaurant"
93333,Wolcott Hotel,https://www.tripadvisor.com/Hotel_Review-g60763-d93333-Reviews-Wolcott_Hotel-New_York_City_New_York.html,60763,2,237,4,Breakfast included
93614,The St. Regis New York,https://www.tripadvisor.com/Hotel_Review-g60763-d93614-Reviews-The_St_Regis_New_York-New_York_City_New_York.html,60763,705,238,4.5,"Free Wifi, Pool"
4702789,The Towers at Lotte New York Palace,https://www.tripadvisor.com/Hotel_Review-g60763-d4702789-Reviews-The_Towers_at_Lotte_New_York_Palace-New_York_City_New_York.html,60763,1,239,5,"Free Wifi, Room Service"
6733290,Hotel 32 32,https://www.tripadvisor.com/Hotel_Review-g60763-d6733290-Reviews-Hotel_32_32-New_York_City_New_York.html,60763,532,240,4,"Free Wifi, Breakfast included"
93364,Hotel Deauville,https://www.tripadvisor.com/Hotel_Review-g60763-d93364-Reviews-Hotel_Deauville-New_York_City_New_York.html,60763,664,451,4,Free Wifi
1161809,The Helmsley Windsor,https://www.tripadvisor.com/Hotel_Review-g60763-d1161809-Reviews-The_Helmsley_Windsor-New_York_City_New_York.html,60763,15,452,4.5,Room Service
1484261,Oakwood at the Blake,https://www.tripadvisor.com/Hotel_Review-g60763-d1484261-Reviews-Oakwood_at_the_Blake-New_York_City_New_York.html,60763,2,453,5,"Free Wifi, Fitness center"
268217,Oakwood at 777 6th Avenue,https://www.tripadvisor.com/Hotel_Review-g60763-d268217-Reviews-Oakwood_at_777_6th_Avenue-New_York_City_New_York.html,60763,3,454,4.5,"Restaurant, Fitness center"
1161789,Inter-Continental Central Park South New York,https://www.tripadvisor.com/Hotel_Review-g60763-d1161789-Reviews-Inter_Continental_Central_Park_South_New_York-New_York_City_New_York.html,60763,4,455,5,
93421,Hotel Carter,https://www.tripadvisor.com/Hotel_Review-g60763-d93421-Reviews-Hotel_Carter-New_York_City_New_York.html,60763,4,456,2.5,
260396,The Amsterdam Inn,https://www.tripadvisor.com/Hotel_Review-g60763-d260396-Reviews-The_Amsterdam_Inn-New_York_City_New_York.html,60763,110,457,3,
665814,The Soho Loft,https://www.tripadvisor.com/Hotel_Review-g60763-d665814-Reviews-The_Soho_Loft-New_York_City_New_York.html,60763,25,458,3,"Free Wifi, Restaurant"
1199530,Oxbridge Midtown East Apartments,https://www.tripadvisor.com/Hotel_Review-g60763-d1199530-Reviews-Oxbridge_Midtown_East_Apartments-New_York_City_New_York.html,60763,11,459,3.5,Free Wifi
256738,Envoy Club Suites,https://www.tripadvisor.com/Hotel_Review-g60763-d256738-Reviews-Envoy_Club_Suites-New_York_City_New_York.html,60763,129,460,3.5,Fitness center
268218,Oakwood at Longacre House,https://www.tripadvisor.com/Hotel_Review-g60763-d268218-Reviews-Oakwood_at_Longacre_House-New_York_City_New_York.html,60763,1,461,3,"Free Wifi, Fitness center"
6217892,Flushing Motel,https://www.tripadvisor.com/Hotel_Review-g60763-d6217892-Reviews-Flushing_Motel-New_York_City_New_York.html,60763,5,462,3,Free Wifi
540545,Chelsea Inn - 11th Avenue,https://www.tripadvisor.com/Hotel_Review-g60763-d540545-Reviews-Chelsea_Inn_11th_Avenue-New_York_City_New_York.html,60763,18,463,2,Free Wifi
224229,Hotel Riverside Studios,https://www.tripadvisor.com/Hotel_Review-g60763-d224229-Reviews-Hotel_Riverside_Studios-New_York_City_New_York.html,60763,294,464,2,
1049347,The Melrose Hotel,https://www.tripadvisor.com/Hotel_Review-g60763-d1049347-Reviews-The_Melrose_Hotel-New_York_City_New_York.html,60763,2,465,3,"Restaurant, Bar/Lounge"
290982,La Semana Hotel,https://www.tripadvisor.com/Hotel_Review-g60763-d290982-Reviews-La_Semana_Hotel-New_York_City_New_York.html,60763,32,466,1.5,
12675805,MADE Hotel,https://www.tripadvisor.com/Hotel_Review-g60763-d12675805-Reviews-MADE_Hotel-New_York_City_New_York.html,60763,,,,"Free Wifi, Restaurant"
11894988,Safehouse Suites,https://www.tripadvisor.com/Hotel_Review-g60763-d11894988-Reviews-Safehouse_Suites-New_York_City_New_York.html,60763,,,,
75688,Dream Midtown,https://www.tripadvisor.com/Hotel_Review-g60763-d75688-Reviews-Dream_Midtown-New_York_City_New_York.html,60763,116,91,4,"Free Wifi, Restaurant"
113309,Fitzpatrick Manhattan Hotel,https://www.tripadvisor.com/Hotel_Review-g60763-d113309-Reviews-Fitzpatrick_Manhattan_Hotel-New_York_City_New_York.html,60763,1,94,4.5,"Restaurant, Room Service"
2148819,Hotel 48LEX New York,https://www.tripadvisor.com/Hotel_Review-g60763-d2148819-Reviews-Hotel_48LEX_New_York-New_York_City_New_York.html,60763,1,96,4.5,"Free Wifi, Breakfast included"
6023925,Residence Inn New York Manhattan/Central Park,https://www.tripadvisor.com/Hotel_Review-g60763-d6023925-Reviews-Residence_Inn_New_York_Manhattan_Central_Park-New_York_City_New_York.html,60763,1,97,4.5,"Free Wifi, Breakfast included"
1878946,Aloft Harlem,https://www.tripadvisor.com/Hotel_Review-g60763-d1878946-Reviews-Aloft_Harlem-New_York_City_New_York.html,60763,707,100,4,"Free Wifi, Pool"
3613090,Fairfield Inn & Suites New York Midtown Manhattan/Penn Station,https://www.tripadvisor.com/Hotel_Review-g60763-d3613090-Reviews-Fairfield_Inn_Suites_New_York_Midtown_Manhattan_Penn_Station-New_York_City_New_York.html,60763,1,103,4.5,"Free Wifi, Breakfast included"
3973287,Best Western Premier Herald Square,https://www.tripadvisor.com/Hotel_Review-g60763-d3973287-Reviews-Best_Western_Premier_Herald_Square-New_York_City_New_York.html,60763,1,104,4.5,"Free Wifi, Breakfast included"
249656,The Premier Times Square by Millennium,https://www.tripadvisor.com/Hotel_Review-g60763-d249656-Reviews-The_Premier_Times_Square_by_Millennium-New_York_City_New_York.html,60763,766,105,4,"Free Wifi, Breakfast included"
3583686,Residence Inn New York Manhattan / Midtown East,https://www.tripadvisor.com/Hotel_Review-g60763-d3583686-Reviews-Residence_Inn_New_York_Manhattan_Midtown_East-New_York_City_New_York.html,60763,1,110,4.5,"Free Wifi, Breakfast included"
99302,The Bentley Hotel,https://www.tripadvisor.com/Hotel_Review-g60763-d99302-Reviews-The_Bentley_Hotel-New_York_City_New_York.html,60763,3,112,4,"Restaurant, Room Service"
224224,"The Ritz-Carlton New York, Central Park",https://www.tripadvisor.com/Hotel_Review-g60763-d224224-Reviews-The_Ritz_Carlton_New_York_Central_Park-New_York_City_New_York.html,60763,1,114,4.5,"Free Wifi, Restaurant"
93351,Cosmopolitan Hotel - Tribeca,https://www.tripadvisor.com/Hotel_Review-g60763-d93351-Reviews-Cosmopolitan_Hotel_Tribeca-New_York_City_New_York.html,60763,1,115,4,"Free Wifi, Fitness center"
93575,The Franklin,https://www.tripadvisor.com/Hotel_Review-g60763-d93575-Reviews-The_Franklin-New_York_City_New_York.html,60763,703,118,3.5,"Free Wifi, Breakfast included"
502408,Fifty NYC–an Affinia hotel,https://www.tripadvisor.com/Hotel_Review-g60763-d502408-Reviews-Fifty_NYC_an_Affinia_hotel-New_York_City_New_York.html,60763,1,119,4.5,"Free Wifi, Room Service"
208455,The Roxy Hotel Tribeca,https://www.tripadvisor.com/Hotel_Review-g60763-d208455-Reviews-The_Roxy_Hotel_Tribeca-New_York_City_New_York.html,60763,487,239,4.5,"Free Wifi, Restaurant"
268216,Hampton Inn Manhattan-Chelsea,https://www.tripadvisor.com/Hotel_Review-g60763-d268216-Reviews-Hampton_Inn_Manhattan_Chelsea-New_York_City_New_York.html,60763,1,68,4.5,"Free Wifi, Breakfast included"
